회차,추첨일,번호1,번호2,번호3,번호4,번호5,번호6,보너스번호,총판매금액,1등당첨자수,1등당첨금액,2등당첨자수,2등당첨금액,3등당첨자수,3등당첨금액,4등당첨자수,4등당첨금액,5등당첨자수,5등당첨금액
1,20021207,10,23,29,33,37,40,16,"3,681,782,000",-,-,1,"143,934,100",28,"5,140,500","2,537","113,400","40,155","10,000"
2,20021214,9,13,21,25,32,42,2,"4,904,274,000",1,"2,002,006,800",2,"94,866,800",103,"1,842,000","3,763","100,800","55,480","10,000"
3,20021221,11,16,19,21,27,31,30,"4,729,342,000",1,"2,000,000,000",-,-,139,"1,174,100","5,940","54,900","73,256","10,000"
4,20021228,14,27,30,31,40,42,2,"5,271,464,000",-,-,1,"211,191,200",29,"7,282,400","2,777","152,100","52,382","10,000"
5,20030104,16,24,29,40,41,42,3,"6,277,102,000",-,-,-,-,42,"6,033,800","3,043","166,500","60,434","10,000"
6,20030111,14,15,26,27,40,42,34,"15,305,356,000",1,"6,574,451,700",3,"196,297,600",138,"4,267,300","13,445","87,600","176,375","10,000"
6,20030111,14,15,26,27,40,42,34,"15,305,356,000",1,"6,574,451,700",3,"196,297,600",138,"4,267,300","13,445","87,600","176,375","10,000"
7,20030118,2,9,16,25,26,40,42,"12,794,890,000",-,-,9,"48,165,000",270,"1,605,500","13,229","65,500","206,259","10,000"
7,20030118,2,9,16,25,26,40,42,"12,794,890,000",-,-,9,"48,165,000",270,"1,605,500","13,229","65,500","206,259","10,000"
8,20030125,8,19,25,34,37,39,9,"20,751,450,000",-,-,6,"131,555,000",348,"2,268,100","14,279","110,500","248,242","10,000"
8,20030125,8,19,25,34,37,39,9,"20,751,450,000",-,-,6,"131,555,000",348,"2,268,100","14,279","110,500","248,242","10,000"
9,20030201,2,4,16,17,36,39,14,"73,624,020,000",-,-,4,"769,456,500",352,"8,743,800","23,672","260,000","603,375","10,000"
9,20030201,2,4,16,17,36,39,14,"73,624,020,000",-,-,4,"769,456,500",352,"8,743,800","23,672","260,000","603,375","10,000"
10,20030208,9,25,30,33,41,44,6,"260,856,392,000",13,"6,430,437,900",236,"40,813,400","11,247","856,400","703,234","27,300","3,410,846","10,000"
10,20030208,9,25,30,33,41,44,6,"260,856,392,000",13,"6,430,437,900",236,"40,813,400","11,247","856,400","703,234","27,300","3,410,846","10,000"
11,20030215,1,7,36,37,41,42,14,"91,925,306,000",5,"4,780,152,300",11,"362,132,700",428,"9,307,100","38,515","206,800","612,805","10,000"
12,20030222,2,11,21,25,39,45,44,"76,255,508,000",12,"1,348,845,700",27,"99,914,400","1,903","1,417,500","76,845","70,200","1,115,084","10,000"
13,20030301,22,23,25,37,38,42,26,"66,532,136,000",-,-,6,"433,309,300",450,"5,777,400","29,601","175,600","726,751","10,000"
14,20030308,2,6,12,31,33,40,15,"99,838,648,000",4,"9,375,048,300",28,"130,363,400","1,421","2,568,700","77,736","93,900","1,341,756","10,000"
15,20030315,3,4,16,30,31,37,13,"73,264,910,000",1,"17,014,245,000",16,"177,231,700",509,"5,571,100","39,202","144,600","827,538","10,000"
16,20030322,6,7,24,37,38,40,33,"75,777,348,000",4,"4,377,146,100",12,"243,174,700",862,"3,385,200","47,255","123,500","870,770","10,000"
17,20030329,3,4,9,17,32,37,1,"72,718,152,000",3,"5,349,491,200",9,"297,193,900","1,142","2,342,100","61,651","86,700","961,162","10,000"
18,20030405,3,12,13,19,32,35,29,"66,371,660,000",-,-,15,"175,017,300",664,"3,953,700","38,453","136,500","693,323","10,000"
19,20030412,6,30,38,39,40,43,26,"105,957,818,000",1,"40,722,959,400",14,"297,278,500",697,"5,971,100","55,154","150,900","1,135,991","10,000"
20,20030419,10,14,18,20,23,30,41,"81,056,776,000",1,"19,352,212,800",14,"230,383,400",888,"3,632,100","48,158","133,900","827,470","10,000"
21,20030426,6,12,17,18,31,32,21,"84,247,142,000",23,"797,475,400",26,"117,576,500","2,008","1,522,400","82,996","73,600","1,155,368","10,000"
22,20030503,4,5,6,8,17,39,25,"79,455,152,000",4,"4,552,194,900",32,"94,837,300",827,"3,669,600","53,248","113,900","937,961","10,000"
23,20030510,5,13,17,18,33,42,44,"77,374,256,000",4,"4,317,947,700",23,"125,157,900","1,372","2,098,100","63,717","90,300","990,081","10,000"
24,20030517,7,8,27,29,36,43,6,"78,486,634,000",-,-,18,"176,023,700",925,"3,425,300","52,777","120,000","755,905","10,000"
25,20030524,2,4,21,26,43,44,16,"120,073,768,000",2,"24,227,745,300",28,"175,267,400","1,111","4,417,100","58,903","166,600","1,096,200","10,000"
26,20030531,4,5,7,18,20,25,31,"80,193,026,000",5,"3,495,069,900",39,"74,680,900","1,340","2,173,500","72,252","80,600","1,097,093","10,000"
27,20030607,1,20,26,28,37,43,27,"76,145,050,000",2,"9,543,982,500",16,"198,832,900",579,"5,494,500","33,509","189,800","625,925","10,000"
28,20030614,9,18,23,25,35,37,1,"75,448,366,000",10,"1,700,361,100",22,"128,815,200","1,164","2,434,600","57,870","97,900","938,483","10,000"
29,20030621,1,5,13,34,39,40,11,"74,523,120,000",5,"3,552,594,000",17,"174,146,700",752,"3,936,800","42,347","139,800","765,661","10,000"
30,20030628,8,17,20,35,36,44,4,"72,399,690,000",2,"8,728,555,500",22,"132,250,800",872,"3,336,600","42,319","137,500","710,466","10,000"
31,20030705,7,9,18,23,28,35,32,"71,317,306,000",2,"8,106,672,900",29,"93,180,100","1,130","2,391,300","58,406","92,500","863,641","10,000"
32,20030712,6,14,19,25,34,44,11,"71,179,198,000",10,"1,634,528,300",49,"55,596,200","1,203","2,264,500","52,704","103,300","834,746","10,000"
33,20030719,4,7,32,33,40,41,9,"67,457,252,000",1,"14,903,517,600",41,"60,583,400","1,063","2,336,700","52,142","95,200","888,943","10,000"
34,20030726,9,26,35,37,40,42,2,"69,389,894,000",5,"3,056,918,000",45,"56,609,500","1,264","2,015,300","68,519","74,300","922,063","10,000"
35,20030802,2,3,11,26,37,43,39,"66,143,062,000",3,"5,054,598,200",24,"105,304,100",933,"2,708,700","46,866","107,800","779,854","10,000"
36,20030809,1,10,23,26,28,40,31,"66,856,686,000",1,"16,014,475,800",19,"140,477,800",768,"3,475,300","38,321","139,300","673,755","10,000"
37,20030816,7,27,30,33,35,37,42,"65,509,794,000",3,"4,985,999,400",20,"124,649,900",857,"2,908,900","46,334","107,600","782,490","10,000"
38,20030823,16,17,22,30,37,43,36,"67,369,284,000",3,"5,374,866,400",18,"149,301,800",679,"3,957,900","36,377","147,700","681,031","10,000"
39,20030830,6,7,13,15,21,43,8,"66,094,476,000",6,"2,623,748,800",25,"104,949,900",699,"3,753,500","38,752","135,400","680,975","10,000"
40,20030906,7,13,18,19,25,26,6,"65,699,086,000",13,"1,147,652,400",44,"56,513,100","1,055","2,356,900","65,081","76,400","798,374","10,000"
41,20030913,13,20,23,35,38,43,34,"57,624,562,000",-,-,21,"109,404,000",700,"3,282,100","33,805","135,900","583,744","10,000"
42,20030920,17,18,19,21,23,32,1,"119,909,740,000",6,"6,899,280,100",35,"131,479,800","1,405","3,275,200","79,543","115,700","1,393,691","10,000"
43,20030927,6,31,35,38,39,44,1,"74,686,296,000",1,"17,749,630,800",21,"140,870,000",926,"3,194,600","45,078","131,200","776,043","10,000"
44,20031004,3,11,21,30,38,45,39,"69,956,950,000",5,"3,362,155,800",23,"121,817,200",785,"3,569,100","40,092","139,700","696,051","10,000"
45,20031011,1,10,20,27,33,35,17,"71,216,232,000",2,"8,356,417,800",27,"103,165,600",890,"3,129,700","45,470","122,500","775,339","10,000"
46,20031018,8,13,15,23,31,38,39,"68,181,568,000",3,"5,327,758,800",39,"68,304,600","1,043","2,554,000","45,243","117,700","745,199","10,000"
47,20031025,14,17,26,31,36,45,27,"67,756,694,000",5,"3,250,042,400",11,"246,215,300",902,"3,002,600","40,580","133,400","679,466","10,000"
48,20031101,6,10,18,26,37,38,3,"65,806,832,000",6,"2,415,673,600",25,"96,626,900","1,279","1,888,700","58,047","83,200","874,668","10,000"
49,20031108,4,7,16,19,33,40,30,"64,501,142,000",7,"1,967,504,600",49,"46,845,300","1,487","1,543,600","66,451","69,000","929,635","10,000"
50,20031115,2,10,12,15,22,44,1,"65,563,234,000",3,"5,227,061,400",14,"186,680,700",826,"3,164,000","40,296","129,700","664,631","10,000"
51,20031122,2,3,11,16,26,44,35,"62,553,680,000",6,"2,421,117,000",26,"93,119,800",961,"2,519,300","45,707","105,900","706,567","10,000"
52,20031129,2,4,15,16,20,29,1,"64,393,446,000",4,"3,900,844,900",13,"200,043,300",669,"3,887,200","34,665","150,000","619,109","10,000"
53,20031206,7,8,14,32,33,39,42,"64,996,010,000",3,"5,014,371,000",25,"100,287,400",802,"3,126,100","45,372","110,500","742,615","10,000"
54,20031213,1,8,21,27,36,39,37,"63,833,006,000",3,"5,148,626,600",15,"171,620,800",719,"3,580,400","34,854","147,700","617,337","10,000"
55,20031220,17,21,31,37,40,44,7,"62,195,764,000",2,"7,088,799,600",24,"98,455,500",728,"3,245,700","42,550","111,000","746,855","10,000"
56,20031227,10,14,30,31,33,37,19,"65,258,932,000",4,"3,777,570,900",29,"86,840,700","1,359","1,853,100","41,156","122,300","744,566","10,000"
57,20040103,7,10,16,25,29,44,6,"70,132,666,000",4,"4,114,411,900",25,"109,717,600",960,"2,857,200","44,050","124,500","763,692","10,000"
58,20040110,10,24,25,33,40,44,1,"66,638,136,000",4,"3,676,429,200",39,"62,844,900","1,318","1,859,600","58,215","84,200","880,954","10,000"
59,20040117,6,29,36,39,41,45,13,"67,563,698,000",4,"4,127,587,300",23,"119,640,200",651,"4,226,900","35,026","157,100","626,460","10,000"
60,20040124,2,8,25,36,39,42,11,"65,405,936,000",7,"2,172,504,600",27,"93,873,600","1,088","2,329,500","45,712","110,800","735,708","10,000"
61,20040131,14,15,19,30,38,43,8,"73,312,994,000",5,"3,541,038,800",11,"268,260,500",789,"3,740,000","41,227","143,100","714,784","10,000"
62,20040207,3,8,15,27,29,35,21,"66,740,368,000",1,"15,817,286,400",22,"119,827,900",829,"3,179,900","41,686","126,400","700,804","10,000"
63,20040214,3,20,23,36,38,40,5,"67,074,050,000",2,"7,922,245,500",26,"101,567,200",824,"3,204,700","41,505","127,200","712,954","10,000"
64,20040221,14,15,18,21,26,36,39,"65,085,154,000",4,"3,899,818,000",11,"236,352,600",651,"3,993,600","37,117","140,000","654,379","10,000"
65,20040228,4,25,33,36,40,43,39,"66,685,144,000",4,"3,727,945,800",27,"92,048,000","1,003","2,477,800","52,556","94,500","848,960","10,000"
66,20040306,2,3,7,17,22,24,45,"63,378,796,000",4,"3,685,138,200",19,"129,303,000",786,"3,125,600","40,188","122,200","712,181","10,000"
67,20040313,3,7,10,15,36,38,33,"64,314,872,000",7,"2,114,436,500",62,"39,787,700",972,"2,537,900","46,740","105,500","748,901","10,000"
68,20040320,10,12,15,16,26,39,38,"63,813,236,000",5,"2,945,882,100",20,"122,745,000",754,"3,255,800","43,265","113,400","735,760","10,000"
69,20040327,5,8,14,15,19,39,35,"63,711,302,000",3,"4,962,712,200",20,"124,067,800",766,"3,239,300","41,220","120,300","704,209","10,000"
70,20040403,5,19,22,25,28,43,26,"63,232,578,000",3,"5,031,277,800",14,"179,688,400",717,"3,508,500","36,781","136,700","645,990","10,000"
71,20040410,5,9,12,16,29,41,21,"62,889,986,000",-,-,28,"88,745,200",782,"3,177,500","39,516","125,700","659,631","10,000"
72,20040417,2,4,11,17,26,27,1,"125,651,214,000",13,"3,260,524,600",44,"104,081,800","2,510","1,824,500","113,994","80,300","1,702,959","10,000"
73,20040424,3,12,18,32,40,43,38,"72,635,862,000",6,"2,766,662,100",26,"106,410,000","1,363","2,029,800","55,608","99,500","865,131","10,000"
74,20040501,6,15,17,18,35,40,23,"68,902,158,000",3,"5,284,949,800",40,"66,061,800","1,021","2,588,100","48,438","109,100","802,633","10,000"
75,20040508,2,5,24,32,34,44,28,"66,138,372,000",4,"3,914,616,900",19,"137,354,900",817,"3,194,300","40,782","127,900","697,174","10,000"
76,20040515,1,3,15,22,25,37,43,"65,083,924,000",2,"7,451,022,600",17,"146,098,400",840,"2,956,700","44,504","111,600","770,522","10,000"
77,20040522,2,18,29,32,43,44,37,"64,420,666,000",3,"5,155,758,600",19,"135,677,800",713,"3,615,500","37,033","139,200","643,154","10,000"
78,20040529,10,13,25,29,33,35,38,"61,257,794,000",4,"3,519,850,000",22,"106,662,100",910,"2,578,600","42,450","110,500","716,323","10,000"
79,20040605,3,12,24,27,30,32,14,"60,390,004,000",4,"3,416,443,800",31,"73,471,910","1,196","1,904,373","49,431","92,154","741,871","10,000"
80,20040612,17,18,24,25,26,30,1,"60,160,440,000",1,"13,809,540,000",16,"143,849,375",868,"2,651,602","40,251","114,362","706,432","10,000"
81,20040619,5,7,11,13,20,33,6,"60,983,308,000",5,"2,714,288,880",20,"113,095,370","1,046","2,162,436","51,654","87,580","787,258","10,000"
82,20040626,1,2,3,14,27,42,39,"61,302,808,000",1,"14,562,494,400",20,"121,354,120",637,"3,810,177","36,139","134,320","638,058","10,000"
83,20040703,6,10,15,17,19,34,14,"62,512,062,000",2,"7,086,948,300",15,"157,487,740",851,"2,775,930","45,924","102,880","763,287","10,000"
84,20040710,16,23,27,34,42,45,11,"62,780,760,000",2,"7,669,779,000",17,"150,387,824",635,"4,026,131","32,402","157,805","582,445","10,000"
85,20040717,6,8,13,23,31,36,21,"59,451,304,000",4,"3,462,109,800",31,"74,453,975",823,"2,804,464","41,746","110,577","664,492","10,000"
86,20040724,2,12,37,39,41,45,33,"59,835,968,000",1,"14,252,186,400",16,"148,460,275",611,"3,887,667","35,057","135,515","616,434","10,000"
87,20040731,4,12,16,23,34,43,26,"83,793,642,000",11,"1,799,358,055",33,"99,964,337","1,250","2,639,059","54,768","120,466","890,859","10,000"
88,20040807,1,17,20,24,30,41,27,"51,910,612,000",4,"3,069,709,650",31,"66,015,262","1,183","1,729,902","64,639","63,321","1,098,115","5,000"
89,20040814,4,26,28,29,33,40,37,"55,102,179,000",3,"4,248,321,900",30,"70,805,365","1,340","1,585,195","72,667","58,463","1,261,896","5,000"
90,20040821,17,20,29,35,38,44,10,"55,493,544,000",4,"3,291,435,300",34,"64,537,948","1,297","1,691,820","67,888","64,645","1,160,774","5,000"
91,20040828,1,21,24,26,29,42,27,"59,061,052,000",4,"3,582,902,400",32,"74,643,800","1,205","1,982,242","64,183","74,431","1,128,902","5,000"
92,20040904,3,14,24,33,35,36,17,"58,296,001,000",11,"1,233,270,846",50,"45,219,931","1,623","1,393,098","79,319","57,011","1,307,607","5,000"
93,20040911,6,22,24,36,38,44,19,"57,236,313,000",6,"2,269,178,150",26,"87,276,083","1,462","1,552,106","68,597","66,160","1,185,275","5,000"
94,20040918,5,32,34,40,41,45,6,"57,144,729,000",6,"2,245,339,950",38,"59,087,894","1,353","1,659,527","71,106","63,155","1,223,793","5,000"
95,20040925,8,17,27,31,34,43,14,"60,077,493,000",8,"1,747,741,238",48,"48,548,368","1,728","1,348,566","82,432","56,540","1,347,106","5,000"
96,20041002,1,3,8,21,22,31,20,"54,217,572,000",7,"1,847,133,515",38,"56,710,240","1,197","1,800,326","65,301","66,002","1,111,779","5,000"
97,20041009,6,7,14,15,20,36,3,"57,713,200,000",9,"1,496,214,000",46,"48,789,587","1,543","1,454,518","77,227","58,123","1,282,678","5,000"
98,20041016,6,9,16,23,24,32,43,"56,231,084,000",4,"3,177,972,300",45,"47,081,072","1,880","1,126,941","87,818","48,251","1,385,812","5,000"
99,20041023,1,3,10,27,29,37,11,"56,207,491,000",6,"2,169,219,050",40,"54,230,477","1,581","1,372,056","77,203","56,196","1,282,311","5,000"
100,20041030,1,7,11,23,37,42,6,"56,561,977,000",4,"3,315,315,525",36,"61,394,732","1,544","1,431,484","76,899","57,484","1,235,777","5,000"
101,20041106,1,3,17,32,35,45,8,"57,585,065,000",5,"2,707,297,500",38,"59,370,560","1,405","1,605,752","73,210","61,634","1,246,344","5,000"
102,20041113,17,22,24,26,35,40,42,"56,937,962,000",9,"1,457,153,067",24,"91,072,067","1,352","1,616,664","75,476","57,919","1,322,337","5,000"
103,20041120,5,14,15,27,30,45,10,"57,420,615,000",8,"1,691,589,563",38,"59,354,020","1,583","1,424,797","75,587","59,679","1,231,156","5,000"
104,20041127,17,32,33,34,42,44,35,"56,533,705,000",2,"6,610,743,750",23,"95,807,881","1,293","1,704,240","71,824","61,361","1,246,208","5,000"
105,20041204,8,10,20,34,41,45,28,"57,479,716,000",4,"3,416,781,450",26,"87,609,781","1,331","1,711,386","69,127","65,904","1,192,263","5,000"
106,20041211,4,10,12,22,24,33,29,"57,384,485,000",16,"810,461,157",40,"54,030,744","2,056","1,051,182","93,551","46,205","1,415,989","5,000"
107,20041218,1,4,5,6,9,31,17,"57,545,202,000",2,"6,679,927,800",35,"63,618,360","2,181","1,020,928","91,651","48,590","1,301,235","5,000"
108,20041225,7,18,22,23,29,44,12,"58,875,228,000",7,"1,998,900,772",41,"56,879,291","1,462","1,595,111","70,827","65,853","1,223,421","5,000"
109,20050101,1,5,34,36,42,44,33,"62,584,098,000",12,"1,246,838,200",31,"80,441,175","1,493","1,670,246","73,179","68,153","1,271,057","5,000"
110,20050108,7,20,22,23,29,43,1,"57,625,490,000",3,"4,566,262,000",38,"60,082,395","1,392","1,640,181","73,674","61,980","1,196,287","5,000"
111,20050115,7,18,31,33,36,40,27,"57,876,999,000",6,"2,199,047,450",51,"43,118,578","1,734","1,268,194","86,863","50,633","1,389,605","5,000"
112,20050122,26,29,30,33,41,42,43,"59,292,005,000",9,"1,567,271,167",32,"73,465,836","1,370","1,715,991","70,247","66,933","1,227,387","5,000"
113,20050129,4,9,28,33,36,45,26,"59,258,248,000",9,"1,561,528,934",43,"54,471,940","1,479","1,583,701","72,711","64,428","1,241,238","5,000"
114,20050205,11,14,19,26,28,41,2,"60,079,401,000",6,"2,362,345,050",41,"57,618,172","1,491","1,584,404","78,504","60,185","1,283,250","5,000"
115,20050212,1,2,6,9,25,28,31,"59,130,557,000",9,"1,488,589,567",34,"65,673,070","1,990","1,122,053","91,627","48,739","1,447,287","5,000"
116,20050219,2,4,25,31,34,37,17,"61,606,084,000",7,"1,997,747,315",56,"41,619,736","1,735","1,343,346","91,897","50,725","1,499,198","5,000"
117,20050226,5,10,22,34,36,44,35,"59,429,610,000",9,"1,558,378,334",50,"46,751,350","1,642","1,423,610","78,361","59,662","1,267,826","5,000"
118,20050305,3,4,10,17,19,22,38,"57,171,934,000",10,"1,297,989,720",41,"52,763,810","1,671","1,294,624","83,233","51,983","1,390,561","5,000"
119,20050312,3,11,13,14,17,21,38,"57,800,632,000",9,"1,474,899,400",49,"45,149,982","1,936","1,142,743","85,327","51,856","1,355,365","5,000"
120,20050319,4,6,10,11,32,37,30,"57,418,983,000",3,"4,364,530,300",31,"70,395,650","1,605","1,359,667","80,400","54,286","1,377,368","5,000"
121,20050326,12,28,30,34,38,43,9,"57,134,544,000",2,"6,839,648,100",31,"73,544,604","1,342","1,698,870","67,464","67,589","1,153,689","5,000"
122,20050402,1,11,16,17,36,40,8,"56,171,704,000",9,"1,450,073,800",38,"57,239,756","1,403","1,550,329","72,518","59,989","1,266,949","5,000"
123,20050409,7,17,18,28,30,45,27,"54,097,448,000",5,"2,532,982,680",38,"55,547,866","1,477","1,429,126","72,742","58,036","1,188,107","5,000"
124,20050416,4,16,23,25,29,42,1,"54,180,838,000",9,"1,395,936,267",37,"56,592,011","1,540","1,359,679","75,040","55,808","1,230,275","5,000"
125,20050423,2,8,32,33,35,36,18,"53,149,705,000",7,"1,754,870,786",36,"56,870,813","1,444","1,417,832","74,261","55,140","1,220,272","5,000"
126,20050430,7,20,22,27,40,43,1,"52,748,965,000",9,"1,369,301,500",35,"58,684,350","1,439","1,427,347","71,370","57,558","1,166,992","5,000"
127,20050507,3,5,10,29,32,43,35,"50,752,603,000",6,"1,965,939,150",43,"45,719,516","1,279","1,537,091","67,175","58,532","1,143,382","5,000"
128,20050514,12,30,34,36,37,45,39,"52,310,392,000",6,"2,064,043,100",23,"89,741,005","1,192","1,731,580","63,294","65,221","1,102,953","5,000"
129,20050521,19,23,25,28,38,42,17,"51,555,754,000",11,"1,093,629,655",50,"40,099,754","1,473","1,361,160","71,124","56,381","1,145,600","5,000"
130,20050528,7,19,24,27,42,45,31,"51,359,012,000",4,"3,036,496,650",30,"67,477,704","1,273","1,590,206","63,587","63,672","1,087,239","5,000"
131,20050604,8,10,11,14,15,21,37,"50,231,773,000",8,"1,451,214,488",33,"58,634,929","1,645","1,176,264","73,893","52,372","1,153,272","5,000"
132,20050611,3,17,23,34,41,45,43,"49,921,897,000",4,"2,920,473,525",34,"57,264,187","1,382","1,408,816","65,277","59,653","1,098,225","5,000"
133,20050618,4,7,15,18,23,26,13,"50,889,926,000",8,"1,450,242,600",51,"37,914,840","1,466","1,319,002","76,266","50,709","1,221,679","5,000"
134,20050625,3,12,20,23,31,35,43,"50,445,575,000",5,"2,349,155,100",50,"39,152,585","1,433","1,366,106","69,698","56,175","1,129,299","5,000"
135,20050702,6,14,22,28,35,39,16,"51,062,672,000",7,"1,717,293,515",28,"71,553,897","1,424","1,406,959","66,201","60,529","1,099,249","5,000"
136,20050709,2,16,30,36,41,42,11,"51,144,633,000",6,"1,997,694,150",26,"76,834,391","1,279","1,561,919","66,993","59,639","1,119,075","5,000"
137,20050716,7,9,20,25,36,39,15,"49,978,654,000",9,"1,270,403,467",40,"47,640,130","1,578","1,207,608","72,935","52,255","1,186,655","5,000"
138,20050723,10,11,27,28,37,39,19,"47,688,450,000",5,"2,227,152,000",32,"57,998,750","1,251","1,483,582","61,230","60,623","1,056,925","5,000"
139,20050730,9,11,15,20,28,43,13,"48,371,085,000",7,"1,650,210,215",28,"68,758,759","1,128","1,706,778","57,271","67,233","986,618","5,000"
140,20050806,3,13,17,18,19,28,8,"45,983,464,000",5,"2,109,462,840",34,"51,702,521","1,310","1,341,898","64,372","54,617","1,082,575","5,000"
141,20050813,8,12,29,31,42,43,2,"48,016,958,000",6,"1,900,552,400",29,"65,536,290","1,144","1,661,323","58,203","65,308","1,000,591","5,000"
142,20050820,12,16,30,34,40,44,19,"48,012,844,000",11,"1,018,265,564",28,"66,672,150","1,326","1,407,859","64,602","57,795","1,067,644","5,000"
143,20050827,26,27,28,42,43,45,8,"49,415,357,000",3,"3,954,584,700",35,"56,494,068","1,182","1,672,837","57,130","69,221","986,951","5,000"
144,20050903,4,15,17,26,36,37,43,"49,202,521,000",8,"1,402,440,413",38,"49,208,436","1,498","1,248,279","74,181","50,416","1,180,411","5,000"
145,20050910,2,3,13,20,27,44,9,"48,913,832,000",3,"3,797,838,200",38,"49,971,556","1,217","1,560,328","63,120","60,169","1,093,545","5,000"
146,20050917,2,19,27,35,41,42,25,"50,677,555,000",2,"6,043,415,250",34,"59,249,170","1,383","1,456,596","62,524","64,439","1,038,812","5,000"
147,20050924,4,6,13,21,40,42,36,"50,345,605,000",7,"1,700,040,215",35,"56,668,008","1,215","1,632,412","62,412","63,558","1,067,800","5,000"
148,20051001,21,25,33,34,35,36,17,"49,523,247,000",5,"2,323,596,420",35,"55,323,725","1,185","1,634,035","63,358","61,124","1,079,664","5,000"
149,20051008,2,11,21,34,41,42,27,"48,406,950,000",7,"1,639,052,143",43,"44,470,407","1,171","1,632,987","60,450","63,267","1,016,240","5,000"
150,20051015,2,18,25,28,37,39,16,"48,763,778,000",4,"2,831,645,850",46,"41,038,346","1,279","1,475,969","65,200","57,907","1,100,850","5,000"
151,20051022,1,2,10,13,18,19,15,"47,357,067,000",4,"2,716,634,025",45,"40,246,430","1,491","1,214,681","68,250","53,073","1,113,528","5,000"
152,20051029,1,5,13,26,29,34,43,"48,180,334,000",5,"2,278,131,840",30,"63,281,440","1,184","1,603,415","60,282","62,986","1,021,147","5,000"
153,20051105,3,8,11,12,13,36,33,"47,777,735,000",4,"2,730,526,125",52,"35,006,746","1,446","1,258,888","71,562","50,875","1,137,072","5,000"
154,20051112,6,19,21,35,40,45,20,"48,022,386,000",4,"2,836,628,700",32,"59,096,432","1,189","1,590,485","60,181","62,847","1,020,067","5,000"
155,20051119,16,19,20,32,33,41,4,"46,140,202,000",9,"1,193,005,734",37,"48,365,098","1,287","1,390,450","62,882","56,917","1,035,003","5,000"
156,20051126,5,18,28,30,42,45,2,"47,344,584,000",8,"1,401,099,900",30,"62,271,107","1,230","1,518,808","59,506","62,789","998,192","5,000"
157,20051203,19,26,30,33,35,39,37,"46,853,365,000",2,"5,484,903,750",28,"65,296,474","1,155","1,582,945","61,650","59,313","1,028,734","5,000"
158,20051210,4,9,13,18,21,34,7,"46,368,888,000",10,"1,069,544,340",45,"39,612,754","1,516","1,175,841","67,910","52,499","1,071,741","5,000"
159,20051217,1,18,30,41,42,43,32,"44,311,926,000",6,"1,755,407,300",24,"73,141,971","1,071","1,639,036","54,933","63,911","920,378","5,000"
160,20051224,3,7,8,34,39,41,1,"46,833,239,000",2,"5,490,805,350",32,"57,195,890","1,079","1,696,264","58,680","62,382","1,022,787","5,000"
161,20051231,22,34,36,40,42,45,44,"53,096,453,000",7,"1,996,876,272",63,"33,275,487","1,381","1,517,999","66,233","63,303","1,116,934","5,000"
162,20060107,1,5,21,25,38,41,24,"49,050,086,000",5,"2,308,265,760",33,"58,289,540","1,172","1,641,259","61,205","62,857","1,057,899","5,000"
163,20060114,7,11,26,28,29,44,16,"49,018,952,000",7,"1,629,726,515",47,"40,454,205","1,390","1,367,876","66,604","57,095","1,099,200","5,000"
164,20060121,6,9,10,11,39,41,27,"53,052,119,000",3,"4,054,937,900",39,"51,986,384","1,626","1,246,906","74,835","54,186","1,250,274","5,000"
165,20060128,5,13,18,19,22,42,31,"58,088,118,000",2,"6,767,426,700",40,"56,395,223","1,535","1,469,583","78,820","57,240","1,297,194","5,000"
166,20060204,9,12,27,36,39,45,14,"52,157,466,000",11,"1,111,299,982",28,"72,763,690","1,507","1,351,947","70,751","57,594","1,140,980","5,000"
167,20060211,24,27,28,30,36,39,4,"52,744,392,000",5,"2,491,222,920",36,"57,667,198","1,313","1,581,127","64,208","64,666","1,122,401","5,000"
168,20060218,3,10,31,40,42,43,30,"51,496,212,000",5,"2,349,946,920",54,"36,264,613","1,544","1,268,322","74,504","52,569","1,233,043","5,000"
169,20060225,16,27,35,37,43,45,19,"52,076,183,000",5,"2,482,888,380",31,"66,744,312","1,171","1,766,929","62,705","65,994","1,069,471","5,000"
170,20060304,2,11,13,15,31,42,10,"49,718,245,000",6,"1,923,108,250",27,"71,226,232","1,309","1,469,144","67,030","57,381","1,125,608","5,000"
171,20060311,4,16,25,29,34,35,1,"50,357,474,000",6,"1,961,339,700",19,"103,228,406","1,381","1,420,232","71,461","54,893","1,113,068","5,000"
172,20060318,4,19,21,24,26,41,35,"50,758,266,000",11,"1,081,154,073",19,"104,321,885","1,276","1,553,383","65,456","60,564","1,111,595","5,000"
173,20060325,3,9,24,30,33,34,18,"52,286,521,000",8,"1,487,736,788",63,"31,486,493","1,448","1,369,924","78,349","50,637","1,261,354","5,000"
174,20060401,13,14,18,22,35,39,16,"52,340,568,000",7,"1,771,103,058",26,"79,472,574","1,325","1,559,462","64,999","63,580","1,101,483","5,000"
175,20060408,19,26,28,31,33,36,17,"50,895,147,000",5,"2,371,132,620",48,"41,165,497","1,347","1,466,922","67,585","58,473","1,137,627","5,000"
176,20060415,4,17,30,32,33,34,15,"50,488,528,000",5,"2,314,663,080",40,"48,222,148","1,535","1,256,604","76,689","50,305","1,191,081","5,000"
177,20060422,1,10,13,16,37,43,6,"50,480,325,000",7,"1,693,285,500",30,"65,849,992","1,260","1,567,857","64,437","61,316","1,097,033","5,000"
178,20060429,1,5,11,12,18,23,9,"49,582,758,000",5,"2,254,621,080",44,"42,701,157","1,566","1,199,778","74,612","50,364","1,200,574","5,000"
179,20060506,5,9,17,25,39,43,32,"47,291,694,000",10,"1,081,093,920",53,"33,996,665","1,540","1,170,016","69,956","51,514","1,125,523","5,000"
180,20060513,2,15,20,21,29,34,22,"48,895,477,000",2,"5,763,371,550",35,"54,889,253","1,284","1,496,203","62,876","61,109","1,047,300","5,000"
181,20060520,14,21,23,32,40,45,44,"49,124,446,000",6,"1,941,763,300",24,"80,906,805","1,233","1,574,829","60,637","64,046","1,028,918","5,000"
182,20060527,13,15,27,29,34,40,35,"47,222,594,000",3,"3,721,439,400",44,"42,289,085","1,228","1,515,245","59,004","63,071","1,000,820","5,000"
183,20060603,2,18,24,34,40,42,5,"45,938,460,000",6,"1,777,221,500",25,"71,088,860","1,294","1,373,433","67,137","52,944","1,039,403","5,000"
184,20060610,1,2,6,16,20,33,41,"45,503,351,000",6,"1,747,753,050",31,"56,379,131","1,331","1,313,113","63,344","55,183","1,054,829","5,000"
185,20060617,1,2,4,8,19,38,14,"45,783,088,000",3,"3,522,485,800",34,"51,801,262","1,228","1,434,237","65,938","53,422","1,055,823","5,000"
186,20060624,4,10,14,19,21,45,9,"45,484,428,000",9,"1,187,882,600",46,"38,735,303","1,169","1,524,230","58,566","60,849","984,795","5,000"
187,20060701,1,2,8,18,29,38,42,"45,855,961,000",7,"1,544,733,900",19,"94,852,082","1,253","1,438,300","59,780","60,295","981,217","5,000"
188,20060708,19,24,27,30,31,34,36,"45,176,242,000",3,"3,501,405,200",33,"53,051,594","1,320","1,326,290","61,227","57,188","1,016,219","5,000"
189,20060715,8,14,32,35,37,45,28,"43,650,551,000",3,"3,461,775,100",33,"52,451,138","1,085","1,595,289","52,193","66,327","903,280","5,000"
190,20060722,8,14,18,30,31,44,15,"44,864,459,000",6,"1,784,159,450",33,"54,065,438","1,016","1,756,063","53,791","66,337","918,127","5,000"
191,20060729,5,6,24,25,32,37,8,"44,534,869,000",4,"2,577,114,675",23,"74,698,977","1,145","1,500,504","59,650","57,606","1,017,334","5,000"
192,20060805,4,8,11,18,37,45,33,"42,035,065,000",4,"2,445,348,375",38,"42,900,849","1,098","1,484,729","55,766","58,467","943,042","5,000"
193,20060812,6,14,18,26,36,39,13,"43,788,477,000",3,"3,404,449,700",20,"85,111,243","1,135","1,499,758","58,638","58,059","974,398","5,000"
194,20060819,15,20,23,26,39,44,28,"44,511,515,000",4,"2,650,567,875",21,"84,145,012","1,072","1,648,364","53,559","65,985","917,061","5,000"
195,20060826,7,10,19,22,35,40,31,"44,374,725,000",11,"918,992,591",66,"25,527,572","1,691","996,346","70,324","47,916","1,067,833","5,000"
196,20060902,35,36,37,41,44,45,30,"45,773,496,000",15,"727,876,520",27,"67,395,975","1,518","1,198,743","58,079","62,663","937,967","5,000"
197,20060909,7,12,16,34,42,45,4,"45,993,306,000",6,"1,803,018,300",42,"42,929,008","1,229","1,467,062","58,551","61,588","993,294","5,000"
198,20060916,12,19,20,25,41,45,2,"45,614,021,000",6,"1,797,855,050",25,"71,914,202","1,050","1,712,243","55,693","64,564","965,692","5,000"
199,20060923,14,21,22,25,30,36,43,"45,021,068,000",2,"5,344,252,200",23,"77,452,931","1,049","1,698,206","55,426","64,281","939,272","5,000"
200,20060930,5,6,13,14,17,20,7,"46,640,423,000",8,"1,344,616,613",58,"30,910,727","1,387","1,292,590","66,233","54,137","1,078,398","5,000"
201,20061007,3,11,24,38,39,44,26,"42,254,768,000",1,"9,719,465,400",37,"43,781,376","1,347","1,202,607","61,045","53,073","985,655","5,000"
202,20061014,12,14,27,33,39,44,17,"48,304,034,000",6,"1,893,391,700",40,"47,334,793","1,232","1,536,844","62,532","60,558","1,043,620","5,000"
203,20061021,1,3,11,24,30,32,7,"47,033,359,000",5,"2,164,564,740",43,"41,948,930","1,328","1,358,287","66,916","53,913","1,095,728","5,000"
204,20061028,3,12,14,35,40,45,5,"46,077,750,000",8,"1,358,347,125",23,"78,744,761","1,180","1,534,856","57,646","62,837","985,516","5,000"
205,20061104,1,3,21,29,35,37,30,"46,330,516,000",6,"1,835,221,800",21,"87,391,515","1,098","1,671,423","56,067","65,466","962,608","5,000"
206,20061111,1,2,3,15,20,25,43,"44,326,979,000",5,"2,032,859,340",36,"47,056,930","1,549","1,093,641","66,445","50,992","1,044,599","5,000"
207,20061118,3,11,14,31,32,37,38,"45,282,336,000",5,"2,104,673,760",37,"47,402,563","1,203","1,457,935","60,871","57,627","1,020,444","5,000"
208,20061125,14,25,31,34,40,44,24,"45,516,378,000",6,"1,760,767,400",34,"51,787,277","1,224","1,438,536","64,277","54,787","1,030,103","5,000"
209,20061202,2,7,18,20,24,33,37,"43,753,377,000",6,"1,660,896,350",34,"48,849,893","1,358","1,223,046","65,973","50,351","1,053,545","5,000"
210,20061209,10,19,22,23,25,37,39,"44,757,963,000",2,"5,139,085,950",46,"37,239,754","1,298","1,319,745","64,325","53,262","1,049,739","5,000"
211,20061216,12,13,17,20,33,41,8,"45,332,675,000",10,"1,035,800,250",29,"59,528,750","1,308","1,319,828","64,785","53,295","1,080,600","5,000"
212,20061223,11,12,18,21,31,38,8,"46,139,120,000",4,"2,660,747,250",36,"49,273,098","1,228","1,444,489","64,059","55,382","1,066,249","5,000"
213,20061230,2,3,4,5,20,24,42,"48,745,094,000",8,"1,376,678,025",33,"55,623,355","1,977","928,463","95,451","38,462","1,203,368","5,000"
214,20070106,5,7,20,25,28,37,32,"49,195,740,000",8,"1,406,980,875",36,"52,110,403","1,433","1,309,124","70,219","53,433","1,167,625","5,000"
215,20070113,2,3,7,15,43,44,4,"47,675,761,000",7,"1,587,689,615",32,"57,884,518","1,248","1,484,219","65,898","56,218","1,062,967","5,000"
216,20070120,7,16,17,33,36,40,1,"48,342,018,000",13,"848,506,108",63,"29,181,427","2,612","703,840","79,174","46,441","1,157,342","5,000"
217,20070127,16,20,27,33,35,39,38,"48,260,644,000",7,"1,611,246,172",29,"64,820,249","1,206","1,558,696","64,156","58,601","1,066,490","5,000"
218,20070203,1,8,14,18,29,44,20,"47,018,314,000",4,"2,779,075,800",26,"71,258,354","1,203","1,540,081","60,492","61,255","996,397","5,000"
219,20070210,4,11,20,26,35,37,16,"46,903,745,000",9,"1,208,409,167",41,"44,210,092","1,292","1,402,952","63,889","56,743","1,065,147","5,000"
220,20070217,5,11,19,21,34,43,31,"50,383,399,000",6,"1,958,094,950",28,"69,931,963","1,317","1,486,785","67,271","58,216","1,122,150","5,000"
221,20070224,2,20,33,35,37,40,10,"47,674,135,000",6,"1,800,104,250",44,"40,911,461","1,608","1,119,468","75,459","47,711","1,167,205","5,000"
222,20070303,5,7,28,29,39,43,44,"47,735,197,000",5,"2,275,193,820",33,"57,454,390","1,105","1,715,833","57,093","66,418","981,530","5,000"
223,20070310,1,3,18,20,26,27,38,"46,036,874,000",7,"1,498,170,600",39,"44,817,070","1,416","1,234,369","67,509","51,782","1,107,956","5,000"
224,20070317,4,19,26,27,30,42,7,"46,435,109,000",6,"1,808,969,950",26,"69,575,768","1,158","1,562,151","60,549","59,753","1,025,571","5,000"
225,20070324,5,11,13,19,31,36,7,"46,352,016,000",6,"1,777,201,800",41,"43,346,386","1,287","1,380,888","65,281","54,448","1,080,798","5,000"
226,20070331,2,6,8,14,21,22,34,"45,145,643,000",6,"1,744,100,150",38,"45,897,373","1,305","1,336,476","64,076","54,439","1,026,364","5,000"
227,20070407,4,5,15,16,22,42,2,"44,444,776,000",2,"5,253,542,400",24,"72,965,867","1,103","1,587,653","56,663","61,811","942,116","5,000"
228,20070414,17,25,35,36,39,44,23,"44,764,100,000",9,"1,146,700,334",39,"44,103,859","1,338","1,285,539","66,002","52,122","1,036,309","5,000"
229,20070421,4,5,9,11,23,38,35,"44,762,989,000",7,"1,451,441,100",27,"62,716,591","1,312","1,290,662","67,524","50,156","1,089,603","5,000"
230,20070428,5,11,14,29,32,33,12,"44,191,351,000",8,"1,292,929,163",25,"68,956,222","1,037","1,662,397","56,346","61,190","971,324","5,000"
231,20070505,5,10,19,31,44,45,27,"42,355,627,000",9,"1,088,365,900",19,"85,923,624","1,267","1,288,516","59,311","55,051","970,465","5,000"
232,20070512,8,9,10,12,24,44,35,"43,564,632,000",9,"1,110,918,400",18,"92,576,534","1,268","1,314,178","65,000","51,274","1,023,708","5,000"
233,20070519,4,6,13,17,28,40,39,"43,516,805,000",10,"999,153,750",26,"64,048,318","1,274","1,307,109","62,535","53,259","1,021,168","5,000"
234,20070526,13,21,22,24,26,37,4,"42,814,085,000",4,"2,519,743,875",23,"73,036,055","1,049","1,601,363","54,926","61,167","921,750","5,000"
235,20070602,21,22,26,27,31,37,8,"43,347,391,000",3,"3,433,330,100",29,"59,195,347","1,178","1,457,271","59,548","57,657","901,409","5,000"
236,20070609,1,4,8,13,37,39,7,"42,941,871,000",2,"5,030,040,150",41,"40,894,636","1,046","1,602,945","54,480","61,553","940,827","5,000"
237,20070616,1,11,17,21,24,44,33,"43,358,287,000",7,"1,440,630,729",39,"43,095,792","1,098","1,530,725","57,338","58,626","974,357","5,000"
238,20070623,2,4,15,28,31,34,35,"42,952,477,000",9,"1,121,660,567",29,"58,016,926","1,066","1,578,322","54,591","61,640","930,266","5,000"
239,20070630,11,15,24,39,41,44,7,"43,296,565,000",9,"1,134,140,167",29,"58,662,423","1,083","1,570,832","55,850","60,921","927,236","5,000"
240,20070707,6,10,16,40,41,43,21,"43,603,443,000",2,"5,098,251,450",28,"60,693,470","1,084","1,567,728","57,376","59,238","961,510","5,000"
241,20070714,2,16,24,27,28,35,21,"43,246,894,000",4,"2,552,016,300",34,"50,039,536",967,"1,759,405","53,783","63,267","922,001","5,000"
242,20070721,4,19,20,21,32,34,43,"42,679,760,000",8,"1,234,542,375",36,"45,723,792","1,245","1,322,134","60,644","54,286","975,863","5,000"
243,20070728,2,12,17,19,28,42,34,"41,304,830,000",4,"2,408,850,000",29,"55,375,863","1,089","1,474,656","54,055","59,418","918,683","5,000"
244,20070804,13,16,25,36,37,38,19,"39,411,047,000",1,"9,121,583,100",25,"60,810,554","1,096","1,387,103","54,930","55,353","900,577","5,000"
245,20070811,9,11,27,31,32,38,22,"41,854,623,000",7,"1,382,583,129",35,"46,086,105","1,092","1,477,119","57,445","56,159","959,435","5,000"
246,20070818,13,18,21,23,26,39,15,"41,453,154,000",5,"1,911,774,240",26,"61,274,816","1,294","1,231,179","59,600","53,462","959,025","5,000"
247,20070825,12,15,28,36,39,40,13,"42,231,698,000",6,"1,669,313,900",29,"57,562,549","1,019","1,638,189","52,284","63,856","884,542","5,000"
248,20070901,3,8,17,23,38,45,13,"42,348,403,000",8,"1,227,479,363",23,"71,158,224","1,155","1,417,004","58,847","55,624","961,562","5,000"
249,20070908,3,8,27,31,41,44,11,"42,539,134,000",6,"1,663,568,700",29,"57,364,438","1,169","1,423,070","56,034","59,378","926,776","5,000"
250,20070915,19,23,30,37,43,45,38,"42,122,808,000",5,"1,994,726,280",17,"97,780,700","1,051","1,581,610","51,328","64,771","887,737","5,000"
251,20070922,6,7,19,25,28,38,45,"44,493,014,000",8,"1,282,616,400",40,"42,753,880","1,242","1,376,937","62,015","55,153","1,028,991","5,000"
252,20070929,14,23,26,31,39,45,28,"41,207,920,000",7,"1,391,089,715",24,"67,622,417","1,087","1,493,044","51,895","62,547","874,916","5,000"
253,20071006,8,19,25,31,34,36,33,"42,309,347,000",4,"2,466,189,525",20,"82,206,318","1,169","1,406,439","57,084","57,604","942,682","5,000"
254,20071013,1,5,19,20,24,30,27,"42,259,113,000",1,"9,741,015,900",33,"49,197,050","1,225","1,325,309","59,196","54,852","978,906","5,000"
255,20071020,1,5,6,24,27,42,32,"41,425,341,000",6,"1,598,618,550",13,"122,970,658","1,054","1,516,716","55,422","57,689","945,297","5,000"
256,20071027,4,11,14,21,23,43,32,"41,996,580,000",2,"4,891,017,000",34,"47,951,148","1,192","1,367,735","56,975","57,230","938,980","5,000"
257,20071103,6,13,27,31,32,37,4,"41,433,637,000",4,"2,391,377,025",18,"88,569,520","1,233","1,292,986","57,977","54,996","954,861","5,000"
258,20071110,14,27,30,31,38,40,17,"41,364,428,000",4,"2,426,434,350",28,"57,772,247","1,724","938,297","54,638","59,213","901,197","5,000"
259,20071117,4,5,14,35,42,45,34,"40,905,570,000",2,"4,838,533,500",25,"64,513,780","1,030","1,565,869","50,402","64,000","864,868","5,000"
260,20071124,7,12,15,24,37,40,43,"40,140,211,000",4,"2,310,085,575",26,"59,232,964","1,284","1,199,422","58,258","52,871","933,907","5,000"
261,20071201,6,11,16,18,31,43,2,"41,215,041,000",3,"3,192,299,100",32,"49,879,674","1,104","1,445,788","56,285","56,717","929,205","5,000"
262,20071208,9,12,24,25,29,31,36,"39,232,234,000",2,"4,518,741,600",21,"71,726,058","1,106","1,361,888","54,807","54,966","910,729","5,000"
263,20071215,1,27,28,32,37,40,18,"39,677,128,000",6,"1,551,704,900",27,"57,470,552",937,"1,656,036","50,490","61,466","864,303","5,000"
264,20071222,9,16,27,36,41,44,5,"39,783,178,000",7,"1,344,889,200",27,"58,112,497","1,047","1,498,604","50,096","62,642","840,243","5,000"
265,20071229,5,9,34,37,38,39,12,"40,913,922,000",8,"1,200,838,575",19,"84,269,374","1,010","1,585,266","52,966","60,459","889,156","5,000"
266,20080105,3,4,9,11,22,42,37,"41,937,067,000",3,"3,207,211,700",36,"44,544,607","1,194","1,343,054","58,820","54,526","986,495","5,000"
267,20080112,7,8,24,34,36,41,1,"41,835,853,000",3,"3,257,663,300",28,"58,172,559","1,141","1,427,548","55,101","59,122","925,922","5,000"
268,20080119,3,10,19,24,32,45,12,"41,213,802,000",7,"1,350,954,515",35,"45,031,818","1,362","1,157,206","61,857","50,960","969,153","5,000"
269,20080126,5,18,20,36,42,43,32,"41,357,619,000",5,"1,961,399,940",22,"74,295,453","1,014","1,611,933","50,514","64,715","866,762","5,000"
270,20080202,5,9,12,20,21,26,27,"41,845,351,000",5,"1,927,830,060",32,"50,203,908","1,242","1,293,499","59,807","53,724","971,485","5,000"
271,20080209,3,8,9,27,29,40,36,"40,879,633,000",6,"1,565,918,150",28,"55,925,649","1,256","1,246,751","59,418","52,709","956,127","5,000"
272,20080216,7,9,12,27,39,43,28,"43,310,674,000",9,"1,104,622,800",39,"42,485,493","1,370","1,209,442","63,219","52,419","1,017,199","5,000"
273,20080223,1,8,24,31,34,44,6,"42,816,211,000",3,"3,339,543,100",21,"79,512,931","1,096","1,523,515","56,192","59,431","942,078","5,000"
274,20080301,13,14,15,26,35,39,25,"42,631,711,000",4,"2,505,085,575",37,"45,136,678","1,254","1,331,784","57,315","58,277","923,057","5,000"
275,20080308,14,19,20,35,38,40,26,"42,329,813,000",1,"10,044,066,900",19,"88,105,850",991,"1,689,215","51,657","64,813","884,959","5,000"
276,20080315,4,15,21,33,39,41,25,"42,567,610,000",3,"3,312,569,000",31,"53,428,533","1,161","1,426,602","59,894","55,308","944,192","5,000"
277,20080322,10,12,13,15,25,29,20,"41,868,708,000",3,"3,272,627,800",31,"52,784,320","1,104","1,482,169","55,271","59,211","914,243","5,000"
278,20080329,3,11,37,39,41,43,13,"41,088,180,000",3,"3,186,530,000",27,"59,009,815","1,089","1,463,054","55,643","57,268","922,288","5,000"
279,20080405,7,16,31,36,37,38,11,"41,130,542,000",5,"1,914,205,320",27,"59,080,412","1,088","1,466,150","55,421","57,566","922,712","5,000"
280,20080412,10,11,23,24,36,37,35,"40,673,999,000",7,"1,355,258,529",27,"58,560,554","1,145","1,380,904","53,915","58,653","905,130","5,000"
281,20080419,1,3,4,6,14,41,12,"40,800,514,000",6,"1,554,683,200",37,"42,018,465","1,491","1,042,712","74,543","41,713","970,685","5,000"
282,20080426,2,5,10,18,31,32,30,"41,051,175,000",7,"1,322,052,643",32,"48,199,836","1,523","1,012,735","66,297","46,530","1,020,328","5,000"
283,20080503,6,8,18,31,38,45,42,"40,133,316,000",3,"3,137,224,600",24,"65,358,846","1,061","1,478,429","52,989","59,206","876,107","5,000"
284,20080510,2,7,15,24,30,45,28,"39,773,403,000",3,"3,117,640,300",14,"111,344,297",955,"1,632,273","50,537","61,691","859,700","5,000"
285,20080517,13,33,37,40,41,45,2,"40,364,871,000",3,"3,164,370,100",26,"60,853,272","1,017","1,555,738","51,283","61,705","872,117","5,000"
286,20080524,1,15,19,40,42,44,17,"40,944,483,000",3,"3,236,566,300",27,"59,936,413","1,033","1,566,586","48,857","66,246","857,882","5,000"
287,20080531,6,12,24,27,35,37,41,"40,623,489,000",7,"1,328,657,100",37,"41,894,594","1,330","1,165,489","60,597","51,161","962,149","5,000"
288,20080607,1,12,17,28,35,41,10,"39,970,134,000",4,"2,357,261,550",24,"65,479,488","1,056","1,488,171","50,246","62,553","853,998","5,000"
289,20080614,3,14,33,37,38,42,10,"39,406,643,000",-,-,24,"63,761,694","1,019","1,501,748","52,281","58,541","880,103","5,000"
290,20080621,8,13,18,32,39,45,7,"80,362,302,000",13,"2,149,214,424",61,"51,251,650","2,297","1,361,059","106,752","58,573","1,783,529","5,000"
291,20080628,3,7,8,18,20,42,45,"44,143,418,000",7,"1,450,585,200",39,"43,393,575","1,227","1,379,258","62,513","54,144","1,029,643","5,000"
292,20080705,17,18,31,32,33,34,10,"43,394,631,000",14,"720,373,950",37,"45,428,988","1,688","995,778","66,893","50,256","977,718","5,000"
293,20080712,1,9,17,21,29,33,24,"42,399,708,000",6,"1,656,764,400",21,"78,893,543","1,154","1,435,672","61,059","54,268","926,442","5,000"
294,20080719,6,10,17,30,37,38,40,"41,563,813,000",4,"2,406,504,975",26,"61,705,256","1,137","1,411,027","56,795","56,496","947,708","5,000"
295,20080726,1,4,12,16,18,38,8,"42,248,135,000",-,-,26,"62,969,875","1,013","1,616,207","55,376","59,131","950,380","5,000"
296,20080802,3,8,15,27,30,45,44,"63,377,899,000",8,"3,066,088,275",53,"46,243,415","2,066","1,186,303","89,945","54,498","1,435,988","5,000"
297,20080809,6,11,19,20,28,32,34,"43,641,475,000",2,"5,056,668,750",28,"60,198,438","1,275","1,322,005","61,258","55,032","993,035","5,000"
298,20080816,5,9,27,29,37,40,19,"43,151,675,000",1,"9,909,778,500",40,"41,290,744","1,353","1,220,717","63,561","51,970","1,011,908","5,000"
299,20080823,1,3,20,25,36,45,24,"44,463,909,000",7,"1,483,772,529",29,"59,691,999","1,118","1,548,362","58,114","59,575","984,255","5,000"
300,20080830,7,9,10,12,26,38,39,"44,465,047,000",12,"836,092,425",34,"49,181,908","1,416","1,180,922","70,193","47,646","1,102,135","5,000"
301,20080906,7,11,13,33,37,43,26,"44,377,177,000",7,"1,447,385,015",47,"35,927,997","1,271","1,328,573","65,756","51,361","1,060,486","5,000"
302,20080913,13,19,20,32,38,42,4,"46,382,605,000",2,"5,472,167,250",44,"41,455,813","1,134","1,608,515","59,455","61,360","990,149","5,000"
303,20080920,2,14,17,30,38,45,43,"42,841,760,000",6,"1,672,749,000",29,"57,681,000","1,158","1,444,516","56,266","59,459","938,678","5,000"
304,20080927,4,10,16,26,33,41,38,"43,158,653,000",6,"1,661,646,150",37,"44,909,356","1,426","1,165,250","62,096","53,519","992,573","5,000"
305,20081004,7,8,18,21,23,39,9,"43,960,659,000",5,"2,008,210,140",34,"49,220,837","1,377","1,215,330","66,162","50,589","1,049,049","5,000"
306,20081011,4,18,23,30,34,41,19,"44,421,462,000",5,"2,102,669,520",23,"76,183,679","1,219","1,437,428","56,687","61,822","937,697","5,000"
307,20081018,5,15,21,23,25,45,12,"43,880,990,000",4,"2,587,643,250",28,"61,610,554","1,177","1,465,672","59,400","58,085","937,908","5,000"
308,20081025,14,15,17,19,37,45,40,"43,339,416,000",1,"10,232,872,800",27,"63,165,882",978,"1,743,844","53,749","63,461","922,984","5,000"
309,20081101,1,2,5,11,18,36,22,"44,157,528,000",11,"901,622,946",25,"66,119,016","1,390","1,189,191","69,125","47,826","1,109,802","5,000"
310,20081108,1,5,19,28,34,41,16,"43,718,082,000",8,"1,296,713,325",29,"59,619,004","1,086","1,592,036","53,956","64,088","913,906","5,000"
311,20081115,4,12,24,27,28,32,10,"43,209,215,000",8,"1,237,691,063",43,"38,378,018","1,363","1,210,752","64,780","50,950","1,020,412","5,000"
312,20081122,2,3,5,6,12,20,25,"42,255,391,000",15,"629,017,820",58,"27,112,838","2,064","761,892","91,934","34,211","1,080,450","5,000"
313,20081129,9,17,34,35,43,45,2,"43,672,096,000",6,"1,715,422,800",26,"65,977,800","1,120","1,531,628","55,743","61,548","936,364","5,000"
314,20081206,15,17,19,34,38,41,2,"42,328,094,000",6,"1,660,512,200",24,"69,188,009","1,067","1,556,244","54,892","60,502","911,785","5,000"
315,20081213,1,13,33,35,43,45,23,"44,339,180,000",8,"1,308,728,625",32,"54,530,360","1,063","1,641,554","56,207","62,091","943,975","5,000"
316,20081220,10,11,21,27,31,39,43,"44,073,768,000",6,"1,673,586,400",29,"57,709,876","1,398","1,197,130","68,356","48,967","1,060,204","5,000"
317,20081227,3,10,11,22,36,39,8,"44,135,114,000",4,"2,576,258,550",25,"68,700,228","1,132","1,517,232","57,565","59,672","978,500","5,000"
318,20090103,2,17,19,20,34,45,21,"46,663,728,000",9,"1,207,436,600",28,"64,684,104","1,381","1,311,481","64,077","56,531","1,044,063","5,000"
319,20090110,5,8,22,28,33,42,37,"45,435,183,000",5,"2,135,659,380",26,"68,450,622","1,151","1,546,235","59,490","59,833","984,086","5,000"
320,20090117,16,19,23,25,41,45,3,"46,659,886,000",2,"5,513,067,900",25,"73,507,572","1,081","1,699,991","57,061","64,412","990,610","5,000"
321,20090124,12,18,20,21,25,34,42,"50,617,982,000",6,"1,959,136,100",35,"55,975,318","1,276","1,535,374","68,791","56,960","1,143,526","5,000"
322,20090131,9,18,29,32,38,43,20,"48,948,294,000",6,"1,904,544,700",29,"65,673,956","1,465","1,300,031","67,829","56,158","1,085,740","5,000"
323,20090207,10,14,15,32,36,42,3,"49,209,477,000",8,"1,461,025,388",27,"72,149,402","1,175","1,657,902","60,796","64,085","1,024,880","5,000"
324,20090214,2,4,21,25,33,36,17,"47,988,317,000",6,"1,865,130,350",40,"46,628,259","1,228","1,518,836","62,473","59,710","1,068,571","5,000"
325,20090221,7,17,20,32,44,45,33,"46,636,979,000",6,"1,806,122,450",33,"54,730,984","1,258","1,435,710","62,629","57,677","1,051,453","5,000"
326,20090228,16,23,25,33,36,39,40,"47,224,551,000",6,"1,832,134,550",31,"59,101,115","1,335","1,372,386","64,087","57,177","1,058,186","5,000"
327,20090307,6,12,13,17,32,44,24,"45,791,560,000",12,"882,674,750",39,"45,265,372","1,242","1,421,377","63,599","55,515","1,048,457","5,000"
328,20090314,1,6,9,16,17,28,24,"47,316,988,000",6,"1,819,795,900",30,"60,659,864","1,380","1,318,693","66,590","54,657","1,092,107","5,000"
329,20090321,9,17,19,30,35,42,4,"47,198,504,000",6,"1,830,391,200",33,"55,466,400","1,215","1,506,495","62,711","58,376","1,059,068","5,000"
330,20090328,3,4,16,17,19,20,23,"45,859,496,000",9,"1,162,280,200",32,"54,481,885","1,431","1,218,324","69,225","50,370","1,099,109","5,000"
331,20090404,4,9,14,26,31,44,39,"46,641,467,000",5,"2,165,902,620",45,"40,109,308","1,365","1,322,285","64,617","55,866","1,054,309","5,000"
332,20090411,16,17,34,36,42,45,3,"46,042,557,000",8,"1,359,448,388",37,"48,989,132","1,098","1,650,818","59,833","60,589","979,060","5,000"
333,20090418,5,14,27,30,39,43,35,"46,019,070,000",7,"1,550,987,143",36,"50,263,473","1,365","1,325,631","59,991","60,326","982,937","5,000"
334,20090425,13,15,21,29,39,43,33,"44,439,656,000",7,"1,523,002,972",31,"57,317,317","1,055","1,684,206","52,311","67,934","890,292","5,000"
335,20090502,5,9,16,23,26,45,21,"43,977,478,000",5,"2,037,492,480",28,"60,639,658","1,222","1,389,453","60,578","56,057","1,001,927","5,000"
336,20090509,3,5,20,34,35,44,16,"43,069,333,000",6,"1,685,632,650",30,"56,187,755",989,"1,704,381","54,887","61,422","935,668","5,000"
337,20090516,1,5,14,18,32,37,4,"43,432,467,000",8,"1,257,500,513",33,"50,808,102","1,194","1,404,245","59,392","56,462","989,912","5,000"
338,20090523,2,13,34,38,42,45,16,"43,136,020,000",3,"3,383,431,000",39,"43,377,321","1,123","1,506,426","54,492","62,091","930,171","5,000"
339,20090530,6,8,14,21,30,37,45,"42,035,640,000",9,"1,096,778,334",32,"51,411,485","1,107","1,486,150","54,545","60,324","913,229","5,000"
340,20090606,18,24,26,29,34,38,32,"42,892,121,000",7,"1,439,393,186",35,"47,979,773","1,125","1,492,705","56,209","59,752","930,628","5,000"
341,20090613,1,8,19,34,39,43,41,"44,722,448,000",7,"1,497,207,772",33,"52,931,588","1,235","1,414,367","58,756","59,458","978,760","5,000"
342,20090620,1,13,14,33,34,43,25,"43,782,188,000",3,"3,454,095,800",29,"59,553,376","1,177","1,467,331","56,149","61,517","924,123","5,000"
343,20090627,1,10,17,29,31,43,15,"43,656,460,000",6,"1,717,153,000",29,"59,212,173","1,096","1,566,746","53,794","63,842","931,340","5,000"
344,20090704,1,2,15,28,34,45,38,"43,838,886,000",7,"1,467,106,543",23,"74,418,448","1,106","1,547,581","56,496","60,593","960,640","5,000"
345,20090711,15,20,23,29,39,42,2,"43,530,937,000",2,"5,203,577,550",38,"45,645,418","1,028","1,687,282","50,722","68,394","884,042","5,000"
346,20090718,5,13,14,22,44,45,33,"42,862,389,000",5,"2,017,727,340",26,"64,670,749","1,146","1,467,225","54,509","61,695","923,360","5,000"
347,20090725,3,8,13,27,32,42,10,"44,219,740,000",7,"1,456,624,286",38,"44,720,922","1,399","1,214,722","63,761","53,306","1,023,184","5,000"
348,20090801,3,14,17,20,24,31,34,"42,786,310,000",3,"3,299,994,000",37,"44,594,514","1,222","1,350,244","65,694","50,233","978,637","5,000"
349,20090808,5,13,14,20,24,25,36,"43,433,870,000",3,"3,353,209,000",37,"45,313,636","1,168","1,435,450","59,338","56,511","990,178","5,000"
350,20090815,1,8,18,24,29,33,35,"42,681,094,000",9,"1,101,052,467",23,"71,807,770","1,197","1,379,765","57,420","57,527","964,952","5,000"
351,20090822,5,25,27,29,34,36,33,"43,947,492,000",4,"2,583,357,150",29,"59,387,521","1,137","1,514,722","55,472","62,094","950,273","5,000"
352,20090829,5,16,17,20,26,41,24,"44,719,545,000",6,"1,732,858,250",29,"59,753,733","1,166","1,486,157","58,931","58,810","1,006,238","5,000"
353,20090905,11,16,19,22,29,36,26,"44,552,925,000",2,"5,290,838,250",29,"60,814,233","1,042","1,692,527","54,217","65,058","928,067","5,000"
354,20090912,14,19,36,43,44,45,1,"44,709,689,000",5,"2,124,464,340",34,"52,070,205","1,014","1,745,944","54,318","65,187","930,195","5,000"
355,20090919,5,8,29,30,35,44,38,"45,017,050,000",5,"2,145,424,800",24,"74,493,917","1,094","1,634,236","54,130","66,058","925,997","5,000"
356,20090926,2,8,14,25,29,45,24,"44,684,958,000",9,"1,157,185,267",37,"46,912,917","1,263","1,374,330","61,162","56,761","996,940","5,000"
357,20091003,10,14,18,21,36,37,5,"45,232,409,000",2,"5,313,394,350",27,"65,597,462","1,116","1,587,036","56,547","62,643","980,978","5,000"
358,20091010,1,9,10,12,21,40,37,"45,651,829,000",3,"3,472,654,900",44,"39,461,988","1,382","1,256,388","68,247","50,884","1,092,528","5,000"
359,20091017,1,10,19,20,24,40,23,"45,288,256,000",8,"1,286,712,600",37,"46,368,022","1,656","1,036,001","73,283","46,822","1,097,592","5,000"
360,20091024,4,16,23,25,35,40,27,"45,719,032,000",3,"3,566,716,200",33,"54,041,155","1,208","1,476,290","60,311","59,139","1,005,187","5,000"
361,20091031,5,10,16,24,27,35,33,"45,062,676,000",7,"1,473,115,115",34,"50,548,068","1,463","1,174,733","67,347","51,039","1,068,999","5,000"
362,20091107,2,3,22,27,30,40,29,"44,336,363,000",6,"1,729,424,650",26,"66,516,333","1,173","1,474,361","56,798","60,898","974,787","5,000"
363,20091114,11,12,14,21,32,38,6,"44,863,948,000",4,"2,615,910,600",33,"52,846,679","1,216","1,434,162","59,672","58,451","998,514","5,000"
364,20091121,2,5,7,14,16,40,4,"44,192,004,000",4,"2,531,914,800",37,"45,620,087","1,259","1,340,702","63,195","53,421","1,043,314","5,000"
365,20091128,5,15,21,25,26,30,31,"45,806,066,000",1,"10,697,716,800",35,"50,941,509","1,181","1,509,698","62,472","57,081","1,014,701","5,000"
366,20091205,5,12,19,26,27,44,38,"45,962,166,000",2,"5,351,553,900",39,"45,739,777","1,617","1,103,186","71,467","49,921","1,028,514","5,000"
367,20091212,3,22,25,29,32,44,19,"46,459,307,000",7,"1,581,736,586",37,"49,874,578","1,049","1,759,161","55,158","66,912","955,212","5,000"
368,20091219,11,21,24,30,39,45,26,"43,746,046,000",7,"1,465,825,115",38,"45,003,403","1,195","1,431,071","57,581","59,400","954,346","5,000"
369,20091226,17,20,35,36,41,43,21,"46,716,275,000",6,"1,842,177,750",31,"59,425,089","1,157","1,592,203","59,383","62,044","987,272","5,000"
370,20100102,16,18,24,42,44,45,17,"49,762,652,000",7,"1,678,941,943",32,"61,211,425","1,168","1,677,026","60,549","64,701","1,058,734","5,000"
371,20100109,7,9,15,26,27,42,18,"45,843,166,000",7,"1,524,130,543",29,"61,315,597","1,201","1,480,560","62,102","57,266","1,028,012","5,000"
372,20100116,8,11,14,16,18,21,13,"46,167,066,000",9,"1,192,593,200",37,"48,348,373","1,368","1,307,668","62,564","57,186","1,038,927","5,000"
373,20100123,15,26,37,42,43,45,9,"47,095,065,000",4,"2,791,801,125",29,"64,179,337","1,117","1,666,250","57,659","64,559","987,105","5,000"
374,20100130,11,13,15,17,25,34,26,"48,081,319,000",2,"5,528,717,850",27,"68,255,776","1,398","1,318,245","69,786","52,816","1,122,320","5,000"
375,20100206,4,8,19,25,27,45,7,"47,864,938,000",7,"1,581,284,058",42,"43,924,558","1,279","1,442,402","64,951","56,807","1,096,831","5,000"
376,20100213,1,11,13,24,28,40,7,"50,657,096,000",6,"1,956,915,800",51,"38,370,899","1,411","1,386,900","69,450","56,355","1,151,878","5,000"
377,20100220,6,22,29,37,43,45,23,"49,218,434,000",3,"3,912,085,400",22,"88,911,032","1,198","1,632,757","58,733","66,608","1,009,758","5,000"
378,20100227,5,22,29,31,34,39,43,"48,866,964,000",5,"2,317,698,240",30,"64,380,507","1,124","1,718,341","59,742","64,659","1,023,866","5,000"
379,20100306,6,10,22,31,35,40,19,"47,537,685,000",7,"1,598,999,786",71,"26,274,645","1,342","1,390,090","62,084","60,096","1,022,769","5,000"
380,20100313,1,2,8,17,26,37,27,"47,164,371,000",4,"2,684,274,825",42,"42,607,537","1,464","1,222,348","77,583","46,132","1,137,404","5,000"
381,20100320,1,5,10,12,16,20,11,"47,943,113,000",19,"565,738,895",62,"28,895,267","1,981","904,345","82,120","43,632","1,211,298","5,000"
382,20100327,10,15,22,24,27,42,19,"47,401,288,000",6,"1,846,674,900",32,"57,708,591","1,212","1,523,660","62,267","59,315","1,046,779","5,000"
383,20100403,4,15,28,33,37,40,25,"46,067,051,000",3,"3,596,522,100",28,"64,223,609","1,251","1,437,459","60,525","59,423","1,010,183","5,000"
384,20100410,11,22,24,32,36,38,7,"46,888,942,000",3,"3,658,734,200",41,"44,618,710","1,215","1,505,652","62,090","58,927","1,030,160","5,000"
385,20100417,7,12,19,21,29,32,9,"46,243,483,000",7,"1,542,032,700",36,"49,973,282","1,235","1,456,712","62,096","57,944","1,026,272","5,000"
386,20100424,4,7,10,19,31,40,26,"45,907,331,000",10,"1,042,953,330",59,"29,461,959","1,683","1,032,832","72,203","48,150","1,114,222","5,000"
387,20100501,1,26,31,34,40,43,20,"45,459,960,000",4,"2,675,533,500",26,"68,603,424","1,177","1,515,454","58,115","61,385","978,618","5,000"
388,20100508,1,8,9,17,29,32,45,"44,308,705,000",4,"2,545,543,875",30,"56,567,642","1,269","1,337,297","61,475","55,211","1,036,812","5,000"
389,20100515,7,16,18,20,23,26,3,"45,534,027,000",5,"2,119,027,020",36,"49,051,552","1,253","1,409,303","60,800","58,088","1,021,691","5,000"
390,20100522,16,17,28,37,39,40,15,"44,189,673,000",1,"10,373,997,900",37,"46,729,721","1,087","1,590,617","55,834","61,934","960,968","5,000"
391,20100529,10,11,18,22,28,39,30,"45,161,516,000",1,"10,508,749,800",32,"54,733,072","1,337","1,309,992","60,803","57,611","1,013,235","5,000"
392,20100605,1,3,7,8,24,42,43,"45,528,684,000",6,"1,713,528,700",30,"57,117,624","1,504","1,139,315","73,927","46,358","1,125,811","5,000"
393,20100612,9,16,28,40,41,43,21,"45,989,116,000",8,"1,362,003,975",35,"51,885,866","1,072","1,694,035","55,951","64,915","966,901","5,000"
394,20100619,1,13,20,22,25,28,15,"45,192,337,000",1,"10,654,349,100",33,"53,809,844","1,204","1,474,855","56,300","63,081","967,784","5,000"
395,20100626,11,15,20,26,31,35,7,"46,192,580,000",7,"1,534,635,000",42,"42,628,750","1,420","1,260,851","64,267","55,718","1,038,443","5,000"
396,20100703,18,20,31,34,40,45,30,"45,463,736,000",2,"5,296,622,400",34,"51,927,671","1,202","1,468,836","61,586","57,336","1,015,292","5,000"
397,20100710,12,13,17,22,25,33,8,"45,890,007,000",3,"3,499,519,700",31,"56,443,867","1,366","1,280,937","66,958","52,265","1,089,481","5,000"
398,20100717,10,15,20,23,42,44,7,"45,427,304,000",4,"2,680,625,550",31,"57,647,862","1,112","1,607,090","57,405","62,263","968,563","5,000"
399,20100724,1,2,9,17,19,42,20,"45,551,786,000",8,"1,276,854,975",40,"42,561,833","1,462","1,164,483","76,998","44,222","1,150,232","5,000"
400,20100731,9,21,27,34,41,43,2,"45,379,731,000",4,"2,669,834,325",30,"59,329,652","1,254","1,419,370","59,141","60,192","978,194","5,000"
401,20100807,6,12,18,31,38,43,9,"43,491,965,000",9,"1,168,214,792",29,"60,424,904","1,355","1,293,227","59,599","50,000","949,491","5,000"
402,20100814,5,9,15,19,22,36,32,"45,002,946,000",4,"2,662,206,188",41,"43,287,906","1,271","1,396,385","62,656","50,000","1,034,048","5,000"
403,20100821,10,14,22,24,28,37,26,"44,911,335,000",5,"2,122,396,875",43,"41,131,723","1,321","1,338,883","63,122","50,000","1,030,051","5,000"
404,20100828,5,20,21,24,33,40,36,"45,389,825,000",3,"3,566,659,375",26,"68,589,604","1,273","1,400,888","63,559","50,000","1,050,065","5,000"
405,20100904,1,2,10,25,26,44,4,"45,220,904,000",3,"3,543,878,000",35,"50,626,829","1,283","1,381,091","63,080","50,000","1,056,188","5,000"
406,20100911,7,12,21,24,27,36,45,"46,062,206,000",5,"2,156,142,450",33,"54,448,042","1,442","1,246,038","66,604","50,000","1,065,324","5,000"
407,20100918,6,7,13,16,24,25,1,"48,429,586,000",7,"1,649,707,286",27,"71,283,649","1,268","1,517,870","65,481","50,000","1,108,695","5,000"
408,20100925,9,20,21,22,30,37,16,"46,406,711,000",5,"2,235,375,825",33,"56,448,885","1,244","1,497,439","62,101","50,000","1,039,160","5,000"
409,20101002,6,9,21,31,32,40,38,"47,924,584,000",4,"2,896,989,750",36,"53,647,959","1,320","1,463,127","64,123","50,000","1,061,106","5,000"
410,20101009,1,3,18,32,40,41,16,"47,467,817,000",9,"1,249,335,709",37,"50,648,745","1,303","1,438,223","65,942","50,000","1,088,956","5,000"
411,20101016,11,14,22,35,37,39,5,"47,259,122,000",12,"953,227,563",36,"52,957,087","1,318","1,446,476","63,403","50,000","1,041,554","5,000"
412,20101023,4,7,39,41,42,45,40,"47,066,180,000",7,"1,656,199,822",34,"56,830,387","1,223","1,579,913","59,882","50,000","1,016,225","5,000"
413,20101030,2,9,15,23,34,40,3,"46,925,724,000",4,"2,814,673,500",36,"52,123,584","1,256","1,493,989","62,797","50,000","1,062,284","5,000"
414,20101106,2,14,15,22,23,44,43,"46,910,990,000",1,"11,703,832,500",35,"55,732,536","1,220","1,598,885","58,726","50,000","982,817","5,000"
415,20101113,7,17,20,26,30,40,24,"46,746,048,000",8,"1,334,182,407",35,"50,825,997","1,587","1,120,927","71,409","50,000","1,114,259","5,000"
416,20101120,5,6,8,11,22,26,44,"46,854,806,000",10,"1,072,037,100",32,"55,835,266","1,501","1,190,359","70,470","50,000","1,122,015","5,000"
417,20101127,4,5,14,20,22,43,44,"45,968,256,000",4,"2,818,329,938",34,"55,261,372","1,181","1,590,929","58,879","50,000","1,001,817","5,000"
418,20101204,11,13,15,26,28,34,31,"47,058,055,000",8,"1,435,649,766",46,"41,613,037","1,316","1,454,560","61,748","50,000","1,025,606","5,000"
419,20101211,2,11,13,14,28,30,7,"46,508,296,000",3,"3,796,490,750",33,"57,522,588","1,194","1,589,821","60,100","50,000","1,012,637","5,000"
420,20101218,4,9,10,29,31,34,27,"47,345,476,000",8,"1,424,856,375",35,"54,280,243","1,187","1,600,513","62,929","50,000","1,065,564","5,000"
421,20101225,6,11,26,27,28,44,30,"47,752,021,000",5,"2,321,144,325",36,"53,730,193","1,203","1,607,887","62,947","50,000","1,050,873","5,000"
422,20110101,8,15,19,21,34,44,12,"52,730,602,000",6,"2,205,251,375",21,"105,011,971","1,293","1,705,531","64,044","50,000","1,104,218","5,000"
423,20110108,1,17,27,28,29,40,5,"49,668,311,000",3,"3,896,153,875",47,"41,448,446","1,432","1,360,389","69,948","50,000","1,150,428","5,000"
424,20110115,10,11,26,31,34,44,30,"48,728,445,000",10,"1,109,480,813",51,"36,257,543","1,686","1,096,759","75,456","50,000","1,159,669","5,000"
425,20110122,8,10,14,27,33,38,3,"50,459,694,000",8,"1,534,833,000",41,"49,913,269","1,297","1,577,829","66,071","50,000","1,110,949","5,000"
426,20110129,4,17,18,27,39,43,19,"51,466,592,000",4,"3,057,233,625",63,"32,351,679","1,463","1,393,135","71,102","50,000","1,174,590","5,000"
427,20110205,6,7,15,24,28,30,21,"52,511,055,000",1,"12,571,445,625",33,"63,492,150","1,415","1,480,736","71,400","50,000","1,184,720","5,000"
428,20110212,12,16,19,22,37,40,8,"54,685,007,000",9,"1,437,683,209",30,"71,884,161","1,568","1,375,335","76,003","50,000","1,258,031","5,000"
429,20110219,3,23,28,34,39,42,16,"53,993,833,000",9,"1,485,904,709",37,"60,239,381","1,389","1,604,649","68,256","50,000","1,150,652","5,000"
430,20110226,1,3,16,18,30,34,44,"53,194,872,000",8,"1,611,763,219",45,"47,755,948","1,449","1,483,104","70,039","50,000","1,180,669","5,000"
431,20110305,18,22,25,31,38,45,6,"51,661,947,000",10,"1,268,434,013",43,"49,164,110","1,337","1,581,195","66,865","50,000","1,115,054","5,000"
432,20110312,2,3,5,11,27,39,33,"52,348,574,000",5,"2,299,427,550",48,"39,920,618","1,747","1,096,846","83,754","50,000","1,331,414","5,000"
433,20110319,19,23,29,33,35,43,27,"52,396,606,000",11,"1,182,294,410",41,"52,866,824","1,278","1,696,041","65,906","50,000","1,112,537","5,000"
434,20110326,3,13,20,24,33,37,35,"51,579,439,000",8,"1,480,060,266",37,"53,335,506","1,867","1,056,998","78,263","50,000","1,217,852","5,000"
435,20110402,8,16,26,30,38,45,42,"52,341,267,000",10,"1,287,550,013",31,"69,223,119","1,426","1,504,851","67,838","50,000","1,122,280","5,000"
436,20110409,9,14,20,22,33,34,28,"50,869,017,000",8,"1,512,266,579",44,"45,826,260","1,425","1,414,987","70,742","50,000","1,153,313","5,000"
437,20110416,11,16,29,38,41,44,21,"50,798,417,000",6,"2,096,245,438",33,"63,522,590","1,286","1,630,051","64,531","50,000","1,080,539","5,000"
438,20110423,6,12,20,26,29,38,45,"50,370,042,000",9,"1,377,142,167",41,"50,383,250","1,303","1,585,352","65,010","50,000","1,081,763","5,000"
439,20110430,17,20,30,31,37,40,25,"49,680,708,000",6,"1,900,077,375",33,"57,578,103","1,437","1,322,253","75,335","50,000","1,174,597","5,000"
440,20110507,10,22,28,34,36,44,2,"49,810,778,000",6,"1,995,873,000",41,"48,679,830","1,495","1,335,033","68,428","50,000","1,103,401","5,000"
441,20110514,1,23,28,30,34,35,9,"50,272,122,000",4,"3,170,417,063",42,"50,324,081","1,127","1,875,432","60,027","50,000","1,045,164","5,000"
442,20110521,25,27,29,36,38,40,41,"51,219,943,000",9,"1,413,413,042",27,"78,522,947","1,271","1,668,073","63,699","50,000","1,092,813","5,000"
443,20110528,4,6,10,19,20,44,14,"51,236,072,000",9,"1,327,597,584",41,"48,570,644","1,668","1,193,883","74,414","50,000","1,193,233","5,000"
444,20110604,11,13,23,35,43,45,17,"50,673,529,000",3,"4,154,188,625",26,"79,888,243","1,270","1,635,508","65,611","50,000","1,087,892","5,000"
445,20110611,13,20,21,30,39,45,32,"50,053,080,000",7,"1,791,683,036",28,"74,653,460","1,183","1,766,946","61,433","50,000","1,046,503","5,000"
446,20110618,1,11,12,14,26,35,6,"50,595,241,000",3,"4,051,247,625",41,"49,405,459","1,375","1,473,181","68,198","50,000","1,136,546","5,000"
447,20110625,2,7,8,9,17,33,34,"49,555,042,000",4,"2,657,941,125",31,"57,160,025","1,721","1,029,612","84,363","50,000","1,276,737","5,000"
448,20110702,3,7,13,27,40,41,36,"51,341,262,000",3,"4,026,212,750",35,"57,517,325","1,422","1,415,687","72,122","50,000","1,191,936","5,000"
449,20110709,3,10,20,26,35,43,36,"50,214,272,000",3,"4,059,715,250",39,"52,047,632","1,295","1,567,458","65,963","50,000","1,114,025","5,000"
450,20110716,6,14,19,21,23,31,13,"49,732,036,000",6,"1,990,391,625",34,"58,540,931","1,349","1,475,458","67,461","50,000","1,113,967","5,000"
451,20110723,12,15,20,24,30,38,29,"49,861,167,000",13,"882,138,952",31,"61,654,873","1,612","1,185,671","74,696","50,000","1,181,075","5,000"
452,20110730,8,10,18,30,32,34,27,"48,456,758,000",9,"1,276,902,000",48,"39,903,188","1,298","1,475,619","66,864","50,000","1,112,471","5,000"
453,20110806,12,24,33,38,40,42,30,"48,055,125,000",5,"2,262,732,375",36,"52,378,065","1,412","1,335,419","69,250","50,000","1,096,036","5,000"
454,20110813,13,25,27,34,38,41,10,"48,389,211,000",7,"1,609,125,590",43,"43,658,447","1,397","1,343,818","74,480","50,000","1,090,420","5,000"
455,20110820,4,19,20,26,30,35,24,"48,769,851,000",7,"1,635,711,483",32,"59,635,315","1,448","1,317,908","69,056","50,000","1,133,097","5,000"
456,20110827,1,7,12,18,23,27,44,"49,420,681,000",7,"1,598,505,054",39,"47,818,528","1,616","1,154,037","75,858","50,000","1,199,612","5,000"
457,20110903,8,10,18,23,27,40,33,"49,679,052,000",10,"1,159,902,825",47,"41,131,306","1,506","1,283,647","72,524","50,000","1,149,591","5,000"
458,20110910,4,9,10,32,36,40,18,"53,778,256,000",8,"1,608,812,625",52,"41,251,606","1,433","1,496,918","72,902","50,000","1,216,672","5,000"
459,20110917,4,6,10,14,25,40,12,"49,890,095,000",7,"1,655,842,233",46,"41,995,999","1,532","1,260,977","73,084","50,000","1,167,264","5,000"
460,20110924,8,11,28,30,43,45,41,"51,917,635,000",4,"3,180,895,782",30,"70,686,573","1,307","1,622,493","66,799","50,000","1,130,818","5,000"
461,20111001,11,18,26,31,37,40,43,"50,624,588,000",6,"1,948,674,875",32,"60,896,090","1,717","1,134,931","75,605","50,000","1,188,529","5,000"
462,20111008,3,20,24,32,37,45,4,"49,325,555,000",8,"1,483,559,297",39,"50,719,976","1,394","1,418,996","67,106","50,000","1,096,569","5,000"
463,20111015,23,29,31,33,34,44,40,"49,205,151,000",-,-,37,"54,687,384","1,254","1,613,584","62,251","50,000","1,060,512","5,000"
464,20111022,6,12,15,34,42,44,4,"126,772,274,000",13,"3,355,721,106",78,"67,273,025","3,145","1,668,457","159,899","50,000","2,682,564","5,000"
465,20111029,1,8,11,13,22,38,31,"57,793,294,000",7,"1,923,662,893",46,"48,788,552","1,733","1,295,023","83,244","50,000","1,356,052","5,000"
466,20111105,4,10,13,23,32,44,20,"58,314,753,000",9,"1,530,313,459",55,"41,735,822","1,746","1,314,703","83,132","50,000","1,327,403","5,000"
467,20111112,2,12,14,17,24,40,39,"57,383,906,000",9,"1,435,441,084",33,"65,247,322","1,811","1,188,936","88,314","50,000","1,410,192","5,000"
468,20111119,8,13,15,28,37,43,17,"55,598,552,000",9,"1,527,197,167",33,"69,418,054","1,457","1,572,269","70,701","50,000","1,187,572","5,000"
469,20111126,4,21,22,34,37,38,33,"53,364,940,000",4,"3,330,131,250",33,"67,275,379","1,277","1,738,519","65,880","50,000","1,125,554","5,000"
470,20111203,10,16,20,39,41,42,27,"53,912,965,000",3,"4,333,330,625",27,"80,246,864","1,390","1,558,753","71,706","50,000","1,207,572","5,000"
471,20111210,6,13,29,37,39,41,43,"53,492,340,000",7,"1,939,332,858",30,"75,418,500","1,219","1,856,075","63,297","50,000","1,096,176","5,000"
472,20111217,16,25,26,31,36,43,44,"51,929,207,000",7,"1,809,656,090",23,"91,794,150","1,352","1,561,587","68,212","50,000","1,132,776","5,000"
473,20111224,8,13,20,22,23,36,34,"52,867,236,000",4,"3,250,418,063",36,"60,192,928","1,313","1,650,378","67,064","50,000","1,148,971","5,000"
474,20111231,4,13,18,31,33,45,43,"58,978,482,000",15,"936,690,800",48,"48,785,980","1,738","1,347,369","81,500","50,000","1,336,085","5,000"
475,20120107,1,9,14,16,21,29,3,"56,043,275,000",8,"1,693,923,047",33,"68,441,336","1,486","1,519,896","75,257","50,000","1,238,055","5,000"
476,20120114,9,12,13,15,37,38,27,"55,591,819,000",4,"3,439,851,469",34,"67,448,069","1,294","1,772,206","68,643","50,000","1,203,577","5,000"
477,20120121,14,25,29,32,33,45,37,"60,801,409,000",8,"1,919,011,829",33,"77,535,832","1,474","1,735,877","73,001","50,000","1,256,239","5,000"
478,20120128,18,29,30,37,39,43,8,"54,975,901,000",14,"987,224,759",35,"65,814,984","1,285","1,792,627","67,069","50,000","1,141,261","5,000"
479,20120204,8,23,25,27,35,44,24,"54,848,834,000",6,"2,233,046,500",34,"65,677,839","1,389","1,607,665","71,489","50,000","1,197,119","5,000"
480,20120211,3,5,10,17,30,31,16,"55,415,681,000",4,"2,996,742,282",50,"39,956,564","1,983","1,007,478","96,288","50,000","1,382,163","5,000"
481,20120218,3,4,23,29,40,41,20,"55,642,616,000",3,"4,639,355,750",34,"68,225,820","1,294","1,792,642","66,695","50,000","1,185,827","5,000"
482,20120225,1,10,16,24,25,35,43,"56,201,452,000",7,"1,897,921,179",30,"73,808,046","1,639","1,350,971","78,522","50,000","1,292,139","5,000"
483,20120303,12,15,19,22,28,34,5,"55,582,659,000",5,"2,567,196,675",53,"40,364,728","1,886","1,134,322","83,480","50,000","1,300,537","5,000"
484,20120310,1,3,27,28,32,45,11,"55,885,979,000",6,"2,305,303,063",32,"72,040,721","1,343","1,716,533","70,285","50,000","1,197,263","5,000"
485,20120317,17,22,26,27,36,39,20,"55,692,878,000",9,"1,501,474,917",33,"68,248,860","1,406","1,601,859","72,785","50,000","1,237,898","5,000"
486,20120324,1,2,23,25,38,40,43,"54,540,823,000",13,"1,008,634,125",29,"75,357,722","1,501","1,455,946","72,658","50,000","1,230,904","5,000"
487,20120331,4,8,25,27,37,41,21,"55,276,503,000",8,"1,638,830,766",46,"47,502,342","1,587","1,376,880","76,639","50,000","1,265,088","5,000"
488,20120407,2,8,17,30,31,38,25,"54,213,092,000",10,"1,330,393,575",33,"67,191,595","1,345","1,648,567","69,224","50,000","1,181,353","5,000"
489,20120414,2,4,8,15,20,27,11,"53,558,490,000",6,"2,106,360,625",52,"40,506,936","1,538","1,369,546","75,822","50,000","1,227,452","5,000"
490,20120421,2,7,26,29,40,43,42,"52,590,121,000",7,"1,860,234,161",29,"74,837,007","1,357","1,599,318","65,961","50,000","1,126,965","5,000"
491,20120428,8,17,35,36,39,42,4,"53,413,874,000",4,"3,304,634,438",31,"71,067,408","1,360","1,619,919","68,290","50,000","1,133,544","5,000"
492,20120505,22,27,31,35,37,40,42,"51,693,454,000",5,"2,493,013,800",40,"51,937,788","1,434","1,448,753","69,327","50,000","1,152,057","5,000"
493,20120512,20,22,26,33,36,37,25,"53,231,838,000",9,"1,451,120,334",27,"80,617,797","1,342","1,621,968","68,608","50,000","1,154,415","5,000"
494,20120519,5,7,8,15,30,43,22,"53,321,589,000",12,"1,054,588,407",40,"52,729,421","1,539","1,370,486","74,174","50,000","1,215,736","5,000"
495,20120526,4,13,22,27,34,44,6,"53,645,960,000",6,"2,111,645,000",44,"47,991,932","1,568","1,346,713","75,762","50,000","1,228,344","5,000"
496,20120602,4,13,20,29,36,41,39,"52,915,804,000",4,"3,285,932,250",46,"47,622,207","1,389","1,577,122","66,873","50,000","1,117,856","5,000"
497,20120609,19,20,23,24,43,44,13,"52,411,585,000",6,"2,222,817,813",30,"74,093,928","1,148","1,936,253","61,101","50,000","1,073,640","5,000"
498,20120616,13,14,24,32,39,41,3,"52,851,253,000",4,"3,244,503,094",35,"61,800,059","1,334","1,621,441","68,471","50,000","1,139,612","5,000"
499,20120623,5,20,23,27,35,40,43,"52,767,632,000",3,"4,070,480,250",46,"44,244,351","1,514","1,344,281","76,797","50,000","1,252,409","5,000"
500,20120630,3,4,12,20,24,34,41,"54,012,267,000",9,"1,351,072,375",68,"29,803,068","1,831","1,106,832","84,979","50,000","1,308,863","5,000"
501,20120707,1,4,10,17,31,42,2,"52,717,711,000",4,"3,025,200,094",61,"33,062,297","1,639","1,230,507","77,235","50,000","1,272,541","5,000"
502,20120714,6,22,28,32,34,40,26,"54,000,640,000",6,"2,201,458,125",31,"71,014,779","1,482","1,485,465","70,160","50,000","1,176,131","5,000"
503,20120721,1,5,27,30,34,36,40,"53,572,205,000",7,"1,853,634,911",42,"51,489,859","1,292","1,673,819","69,822","50,000","1,198,882","5,000"
504,20120728,6,14,22,26,43,44,31,"51,787,037,000",9,"1,443,236,959",29,"74,650,188","1,294","1,672,995","63,257","50,000","1,082,365","5,000"
505,20120804,7,20,22,25,38,40,44,"49,103,223,000",6,"1,917,955,188",38,"50,472,505","1,440","1,331,914","69,758","50,000","1,144,014","5,000"
506,20120811,6,9,11,22,24,30,31,"52,363,311,000",3,"4,073,333,875",33,"61,717,180","1,588","1,282,536","75,289","50,000","1,224,774","5,000"
507,20120818,12,13,32,33,40,41,4,"53,638,773,000",9,"1,416,438,875",29,"73,264,080","1,473","1,442,403","73,411","50,000","1,230,314","5,000"
508,20120825,5,27,31,34,35,43,37,"54,010,391,000",8,"1,599,557,860",31,"68,798,188","1,596","1,336,306","75,460","50,000","1,234,049","5,000"
509,20120901,12,25,29,35,42,43,24,"53,390,358,000",5,"2,689,076,100",34,"65,908,728","1,228","1,824,835","64,934","50,000","1,104,261","5,000"
510,20120908,12,29,32,33,39,40,42,"53,964,992,000",5,"2,644,158,150",25,"88,138,605","1,319","1,670,558","69,724","50,000","1,173,715","5,000"
511,20120915,3,7,14,23,26,42,24,"53,970,308,000",6,"2,165,579,250",37,"58,529,169","1,524","1,420,984","72,310","50,000","1,209,004","5,000"
512,20120922,4,5,9,13,26,27,1,"54,017,801,000",13,"940,094,452",52,"39,170,603","1,682","1,210,982","82,439","50,000","1,318,396","5,000"
513,20120929,5,8,21,23,27,33,12,"58,317,548,000",3,"4,589,624,750",54,"42,496,526","1,626","1,411,324","82,270","50,000","1,337,355","5,000"
514,20121006,1,15,20,26,35,42,9,"54,452,404,000",3,"4,451,055,500",36,"61,820,216","1,362","1,634,015","70,323","50,000","1,181,166","5,000"
515,20121013,2,11,12,15,23,37,8,"55,258,935,000",1,"13,200,466,875",35,"62,859,367","1,450","1,517,296","74,773","50,000","1,258,039","5,000"
516,20121020,2,8,23,41,43,44,30,"56,385,762,000",11,"1,294,190,182",32,"74,146,313","1,338","1,773,305","67,233","50,000","1,169,955","5,000"
517,20121027,1,9,12,28,36,41,10,"54,468,223,000",5,"2,659,057,725",40,"55,397,036","1,493","1,484,181","70,854","50,000","1,192,872","5,000"
518,20121103,14,23,30,32,34,38,6,"55,321,566,000",6,"2,263,804,125",34,"66,582,475","1,349","1,678,135","71,110","50,000","1,198,970","5,000"
519,20121110,6,8,13,16,30,43,3,"55,614,206,000",7,"1,950,601,393",32,"71,115,676","1,357","1,677,010","71,405","50,000","1,206,248","5,000"
520,20121117,4,22,27,28,38,40,1,"55,003,797,000",6,"2,167,205,438",37,"58,573,120","1,627","1,332,026","77,196","50,000","1,260,891","5,000"
521,20121124,3,7,18,29,32,36,19,"56,185,373,000",8,"1,693,420,922",53,"42,601,785","1,612","1,400,679","75,589","50,000","1,250,016","5,000"
522,20121201,4,5,13,14,37,41,11,"57,053,378,000",6,"2,281,623,000",39,"58,503,154","1,495","1,526,170","76,078","50,000","1,293,961","5,000"
523,20121208,1,4,37,38,40,45,7,"53,678,449,000",7,"1,780,355,840",43,"48,304,229","1,557","1,334,029","79,706","50,000","1,247,454","5,000"
524,20121215,10,11,29,38,41,45,21,"55,662,103,000",4,"3,491,695,594",36,"64,661,030","1,338","1,739,759","67,866","50,000","1,163,075","5,000"
525,20121222,11,23,26,29,39,44,22,"55,566,007,000",9,"1,501,132,375",41,"54,919,478","1,543","1,459,300","73,791","50,000","1,215,973","5,000"
526,20121229,7,14,17,20,35,39,31,"56,527,807,000",9,"1,491,031,959",49,"45,643,836","1,539","1,453,248","78,325","50,000","1,291,054","5,000"
527,20130105,1,12,22,32,33,42,38,"56,985,634,000",13,"1,032,386,366",29,"77,132,315","1,967","1,137,183","83,212","50,000","1,287,504","5,000"
528,20130112,5,17,25,31,39,40,10,"57,548,541,000",11,"1,197,889,125",86,"25,536,397","1,811","1,212,662","87,443","50,000","1,366,616","5,000"
529,20130119,18,20,24,27,31,42,39,"57,645,779,000",8,"1,749,114,797",33,"70,671,305","1,502","1,552,699","75,069","50,000","1,282,443","5,000"
530,20130126,16,23,27,29,33,41,22,"56,241,083,000",11,"1,231,656,239",40,"56,450,911","1,449","1,558,342","75,595","50,000","1,255,300","5,000"
531,20130202,1,5,9,21,27,35,45,"57,567,064,000",9,"1,521,519,750",42,"54,339,992","1,618","1,410,557","78,757","50,000","1,317,489","5,000"
532,20130209,16,17,23,24,29,44,3,"61,687,384,000",7,"2,216,896,286",26,"99,476,116","1,480","1,747,554","74,186","50,000","1,288,672","5,000"
533,20130216,9,14,15,17,31,33,23,"59,275,357,000",8,"1,785,671,579",44,"54,111,260","1,517","1,569,477","78,509","50,000","1,333,013","5,000"
534,20130223,10,24,26,29,37,38,32,"59,227,462,000",1,"14,215,763,250",55,"43,078,071","1,537","1,541,506","79,943","50,000","1,332,446","5,000"
535,20130302,11,12,14,15,18,39,34,"60,523,884,000",3,"4,935,603,000",31,"79,606,500","1,512","1,632,144","76,742","50,000","1,336,486","5,000"
536,20130309,7,8,18,32,37,43,12,"59,763,469,000",11,"1,308,523,603",40,"59,973,999","1,676","1,431,361","80,139","50,000","1,336,621","5,000"
537,20130316,12,23,26,30,36,43,11,"59,453,323,000",7,"2,104,038,911",35,"70,134,631","1,444","1,699,940","75,265","50,000","1,265,143","5,000"
538,20130323,6,10,18,31,32,34,11,"59,233,373,000",3,"4,688,021,625",48,"48,833,559","1,724","1,359,636","82,529","50,000","1,347,630","5,000"
539,20130330,3,19,22,31,42,43,26,"59,168,870,000",9,"1,621,036,667",42,"57,894,167","1,519","1,600,761","75,592","50,000","1,270,479","5,000"
540,20130406,3,12,13,15,34,36,14,"56,739,658,000",7,"1,989,365,250",26,"89,266,390","1,409","1,647,216","72,629","50,000","1,234,194","5,000"
541,20130413,8,13,26,28,32,34,43,"57,087,047,000",11,"1,269,327,171",40,"58,177,496","1,444","1,611,565","73,911","50,000","1,246,235","5,000"
542,20130420,5,6,19,26,41,45,34,"56,949,161,000",6,"2,335,152,563",26,"89,813,561","1,456","1,603,814","72,242","50,000","1,236,252","5,000"
543,20130427,13,18,26,31,34,44,12,"56,570,245,000",12,"1,112,934,844",47,"47,358,930","1,968","1,131,032","81,520","50,000","1,280,433","5,000"
544,20130504,5,17,21,25,36,44,10,"56,056,189,000",13,"1,046,388,433",47,"48,237,765","1,527","1,484,725","74,263","50,000","1,235,509","5,000"
545,20130511,4,24,25,27,34,35,2,"55,967,171,000",11,"1,198,994,353",42,"52,337,056","1,497","1,468,375","77,301","50,000","1,306,657","5,000"
546,20130518,8,17,20,27,37,43,6,"56,713,166,000",30,"405,939,950",55,"36,903,632","3,110","652,637","104,469","50,000","1,379,107","5,000"
547,20130525,6,7,15,22,34,39,28,"57,968,466,000",5,"2,838,444,450",54,"43,803,156","1,548","1,528,018","75,527","50,000","1,256,984","5,000"
548,20130601,1,12,13,21,32,45,14,"57,771,827,000",8,"1,736,871,891",46,"50,344,113","1,646","1,406,944","78,057","50,000","1,291,286","5,000"
549,20130608,29,31,35,38,40,44,17,"56,864,611,000",8,"1,760,805,047",35,"67,078,288","1,487","1,578,844","71,700","50,000","1,213,077","5,000"
550,20130615,1,7,14,20,34,37,41,"56,441,770,000",11,"1,118,679,205",58,"35,360,550","2,728","751,801","103,421","50,000","1,328,508","5,000"
551,20130622,3,6,20,24,27,44,25,"56,989,370,000",1,"13,526,973,750",32,"70,452,989","1,440","1,565,622","77,811","50,000","1,313,634","5,000"
552,20130629,1,10,20,32,35,40,43,"57,602,386,000",10,"1,330,824,225",45,"49,289,787","1,808","1,226,793","86,409","50,000","1,347,284","5,000"
553,20130706,2,7,17,28,29,39,37,"56,487,483,000",6,"2,249,631,438",52,"43,262,144","1,647","1,365,897","77,687","50,000","1,272,468","5,000"
554,20130713,13,14,17,32,41,42,6,"56,124,466,000",2,"6,813,893,625",41,"55,397,510","1,484","1,530,525","74,436","50,000","1,234,010","5,000"
555,20130720,11,17,21,24,26,36,12,"57,273,817,000",8,"1,711,027,360",46,"49,594,996","1,554","1,468,063","78,046","50,000","1,296,730","5,000"
556,20130727,12,20,23,28,30,44,43,"57,374,791,000",7,"2,005,209,161",41,"57,058,798","1,411","1,657,981","73,689","50,000","1,257,532","5,000"
557,20130803,4,20,26,28,35,40,31,"55,086,560,000",7,"1,888,069,286",43,"51,226,687","1,503","1,465,568","74,569","50,000","1,238,570","5,000"
558,20130810,12,15,19,26,40,43,29,"54,939,001,000",10,"1,315,913,663",51,"43,003,715","1,408","1,557,663","77,834","50,000","1,206,457","5,000"
559,20130817,11,12,25,32,44,45,23,"55,733,418,000",7,"1,926,145,608",42,"53,504,045","1,566","1,434,975","73,823","50,000","1,239,640","5,000"
560,20130824,1,4,20,23,29,45,28,"56,565,298,000",7,"1,976,697,215",40,"57,653,669","1,476","1,562,431","73,123","50,000","1,235,465","5,000"
561,20130831,5,7,18,37,42,45,20,"56,638,383,000",5,"2,753,712,225",41,"55,969,761","1,434","1,600,252","73,966","50,000","1,252,562","5,000"
562,20130907,4,11,13,17,20,31,33,"56,288,212,000",11,"1,166,694,614",51,"41,940,003","1,789","1,195,607","85,094","50,000","1,355,577","5,000"
563,20130914,5,10,16,17,31,32,21,"57,320,132,000",7,"1,932,735,643",38,"59,338,375","1,642","1,373,239","79,945","50,000","1,324,790","5,000"
564,20130921,14,19,25,26,27,34,2,"58,012,468,000",7,"1,934,801,143",32,"70,539,625","1,649","1,368,871","83,100","50,000","1,358,618","5,000"
565,20130928,4,10,18,27,40,45,38,"59,556,622,000",8,"1,742,064,469",39,"59,557,760","1,866","1,244,777","85,438","50,000","1,384,878","5,000"
566,20131005,4,5,6,25,26,43,41,"57,666,611,000",4,"3,508,951,032",35,"66,837,163","1,555","1,504,374","74,789","50,000","1,275,890","5,000"
567,20131012,1,10,15,16,32,41,28,"57,439,471,000",6,"2,318,659,438",53,"43,748,292","1,547","1,498,811","76,284","50,000","1,271,252","5,000"
568,20131019,1,3,17,20,31,44,40,"57,681,628,000",10,"1,305,167,550",50,"43,505,585","1,845","1,179,014","87,784","50,000","1,409,876","5,000"
569,20131026,3,6,13,23,24,35,1,"58,441,902,000",4,"3,467,925,188",36,"64,220,837","1,706","1,355,188","81,582","50,000","1,329,250","5,000"
570,20131102,1,12,26,27,29,33,42,"57,654,279,000",9,"1,527,791,625",38,"60,307,565","1,573","1,456,890","77,565","50,000","1,323,078","5,000"
571,20131109,11,18,21,26,38,43,29,"56,493,528,000",7,"1,966,538,465",33,"69,524,088","1,506","1,523,437","74,042","50,000","1,238,061","5,000"
572,20131116,3,13,18,33,37,45,1,"56,473,602,000",8,"1,668,216,188",53,"41,967,703","1,734","1,282,750","81,361","50,000","1,274,889","5,000"
573,20131123,2,4,20,34,35,43,14,"56,092,721,000",8,"1,645,691,766",50,"43,885,114","1,622","1,352,809","78,997","50,000","1,308,493","5,000"
574,20131130,14,15,16,19,25,43,2,"55,882,933,000",2,"6,965,184,938",33,"70,355,404","1,259","1,844,106","68,910","50,000","1,184,428","5,000"
575,20131207,2,8,20,30,33,34,6,"56,330,738,000",8,"1,699,267,875",45,"50,348,678","1,488","1,522,642","75,000","50,000","1,257,969","5,000"
576,20131214,10,11,15,25,35,41,13,"54,691,148,000",3,"4,321,966,000",54,"40,018,204","1,561","1,384,359","76,903","50,000","1,242,512","5,000"
577,20131221,16,17,22,31,34,37,33,"57,010,827,000",3,"4,484,438,375",42,"53,386,172","1,526","1,469,345","79,150","50,000","1,322,032","5,000"
578,20131228,5,12,14,32,34,42,16,"58,584,741,000",5,"2,796,466,575",43,"54,195,089","1,615","1,442,966","80,303","50,000","1,326,822","5,000"
579,20140104,5,7,20,22,37,42,39,"63,532,871,000",11,"1,396,068,444",46,"55,640,409","1,769","1,446,840","85,011","50,000","1,408,043","5,000"
580,20140111,5,7,9,11,32,35,33,"60,514,216,000",7,"2,028,610,500",42,"56,350,292","1,665","1,421,449","86,352","50,000","1,401,162","5,000"
581,20140118,3,5,14,20,42,44,33,"60,257,457,000",8,"1,844,554,547",39,"63,061,694","1,384","1,777,028","76,964","50,000","1,321,056","5,000"
582,20140125,2,12,14,33,40,41,25,"59,306,953,000",4,"3,560,558,719",57,"41,643,962","1,631","1,455,369","79,917","50,000","1,333,596","5,000"
583,20140201,8,17,27,33,40,44,24,"62,675,295,000",11,"1,341,848,353",51,"48,236,379","1,826","1,347,238","88,583","50,000","1,445,611","5,000"
584,20140208,7,18,30,39,40,41,36,"61,343,856,000",3,"5,033,183,250",32,"78,643,489","1,464","1,718,984","77,972","50,000","1,328,119","5,000"
585,20140215,6,7,10,16,38,41,4,"60,253,002,000",9,"1,620,546,334",45,"54,018,212","1,528","1,590,851","79,691","50,000","1,339,079","5,000"
586,20140222,2,7,12,15,21,34,5,"59,502,096,000",8,"1,778,354,344",46,"51,546,503","1,570","1,510,280","80,965","50,000","1,346,737","5,000"
587,20140301,14,21,29,31,32,37,17,"59,715,499,000",3,"4,974,577,375",43,"57,843,923","1,437","1,730,890","73,745","50,000","1,254,438","5,000"
588,20140308,2,8,15,22,25,41,30,"59,533,101,000",5,"2,889,342,075",43,"55,995,002","1,676","1,436,626","78,517","50,000","1,315,684","5,000"
589,20140315,6,8,28,33,38,39,22,"60,643,729,000",7,"2,136,877,983",42,"59,357,722","1,559","1,599,118","77,435","50,000","1,301,184","5,000"
590,20140322,20,30,36,38,41,45,23,"60,003,131,000",7,"2,185,183,983",31,"82,238,107","1,370","1,860,863","70,019","50,000","1,221,113","5,000"
591,20140329,8,13,14,30,38,39,5,"59,373,946,000",5,"2,964,676,200",38,"65,014,829","1,483","1,665,923","73,310","50,000","1,251,393","5,000"
592,20140405,2,5,6,13,28,44,43,"58,097,477,000",6,"2,356,381,688",28,"84,156,489","1,406","1,675,948","75,519","50,000","1,284,347","5,000"
593,20140412,9,10,13,24,33,38,28,"59,368,204,000",9,"1,532,833,500",62,"37,084,682","1,818","1,264,715","87,413","50,000","1,383,890","5,000"
594,20140419,2,8,13,25,28,37,3,"57,764,442,000",11,"1,255,592,796",42,"54,807,623","1,750","1,315,383","79,157","50,000","1,301,802","5,000"
595,20140426,8,24,28,35,38,40,5,"57,797,288,000",8,"1,744,525,219",54,"43,074,697","1,501","1,549,656","77,652","50,000","1,281,555","5,000"
596,20140503,3,4,12,14,25,43,17,"56,561,071,000",10,"1,328,267,663",41,"53,994,621","1,651","1,340,872","80,007","50,000","1,313,990","5,000"
597,20140510,8,10,23,24,35,43,37,"56,832,361,000",13,"1,057,920,606",46,"49,829,594","1,532","1,496,189","75,553","50,000","1,260,248","5,000"
598,20140517,4,12,24,33,38,45,22,"57,518,550,000",16,"833,998,594",50,"44,479,925","2,053","1,083,291","86,005","50,000","1,333,411","5,000"
599,20140524,5,12,17,29,34,35,27,"57,381,791,000",8,"1,710,918,329",43,"53,051,732","1,685","1,353,843","79,069","50,000","1,297,530","5,000"
600,20140531,5,11,14,27,29,36,44,"56,372,519,000",15,"901,798,725",41,"54,987,728","1,518","1,485,176","77,138","50,000","1,258,677","5,000"
601,20140607,2,16,19,31,34,35,37,"55,868,455,000",9,"1,524,565,209",28,"81,673,137","1,516","1,508,475","72,233","50,000","1,205,559","5,000"
602,20140614,13,14,22,27,30,38,2,"56,262,855,000",8,"1,689,530,860",42,"53,635,901","1,675","1,344,901","77,026","50,000","1,251,693","5,000"
603,20140621,2,19,25,26,27,43,28,"56,276,650,000",4,"3,452,136,563",30,"76,714,146","1,363","1,688,500","71,799","50,000","1,227,396","5,000"
604,20140628,2,6,18,21,33,34,30,"56,266,399,000",11,"1,229,141,557",36,"62,595,172","1,451","1,553,016","75,476","50,000","1,266,398","5,000"
605,20140705,1,2,7,9,10,38,42,"56,622,924,000",9,"1,394,232,250",40,"52,283,710","2,286","914,851","92,980","50,000","1,386,335","5,000"
606,20140712,1,5,6,14,20,39,22,"56,928,896,000",10,"1,311,566,850",44,"49,680,563","1,542","1,417,604","82,879","50,000","1,366,588","5,000"
607,20140719,8,14,23,36,38,39,13,"56,806,213,000",4,"3,494,480,907",35,"66,561,542","1,448","1,608,878","73,277","50,000","1,220,405","5,000"
608,20140726,4,8,18,19,39,44,41,"56,146,117,000",7,"1,943,530,018",32,"70,857,866","1,516","1,495,681","74,353","50,000","1,243,159","5,000"
609,20140802,4,8,27,34,39,40,13,"54,858,201,000",2,"6,339,311,438",47,"44,959,656","1,621","1,303,581","80,472","50,000","1,300,134","5,000"
610,20140809,14,18,20,23,28,36,33,"56,862,756,000",4,"3,516,018,375",34,"68,941,537","1,398","1,676,690","71,718","50,000","1,218,676","5,000"
611,20140816,2,22,27,33,36,37,14,"57,411,079,000",4,"3,502,706,157",47,"49,683,776","1,486","1,571,425","74,589","50,000","1,258,998","5,000"
612,20140823,6,9,18,19,25,33,40,"56,931,314,000",11,"1,181,705,250",59,"36,719,655","1,833","1,181,921","86,228","50,000","1,364,516","5,000"
613,20140830,7,8,11,16,41,44,35,"57,986,249,000",9,"1,549,831,209",30,"77,491,561","1,538","1,511,539","77,945","50,000","1,299,580","5,000"
614,20140906,8,21,25,39,40,44,18,"62,301,977,000",6,"2,540,975,438",46,"55,238,597","1,523","1,668,402","80,393","50,000","1,360,707","5,000"
615,20140913,10,17,18,19,23,27,35,"59,072,378,000",9,"1,535,062,417",31,"74,277,214","1,670","1,378,799","83,981","50,000","1,383,278","5,000"
616,20140920,5,13,18,23,40,45,3,"60,303,360,000",9,"1,611,811,250",49,"49,341,161","1,700","1,422,187","81,118","50,000","1,350,809","5,000"
617,20140927,4,5,11,12,24,27,28,"58,958,123,000",8,"1,629,701,860",43,"50,533,391","1,993","1,090,284","93,731","50,000","1,481,805","5,000"
618,20141004,8,16,25,30,42,43,15,"58,550,803,000",5,"2,881,326,225",45,"53,357,894","1,581","1,518,726","75,243","50,000","1,260,882","5,000"
619,20141011,6,8,13,30,35,40,21,"58,822,925,000",3,"4,612,479,375",59,"39,088,809","1,712","1,347,103","83,710","50,000","1,355,209","5,000"
620,20141018,2,16,17,32,39,45,40,"58,342,777,000",7,"2,028,283,233",44,"53,780,238","1,661","1,424,643","78,155","50,000","1,266,599","5,000"
621,20141025,1,2,6,16,19,42,9,"59,407,216,000",6,"2,359,723,500",62,"38,060,057","1,555","1,517,508","82,843","50,000","1,336,734","5,000"
622,20141101,9,15,16,21,28,34,24,"59,601,329,000",9,"1,630,598,292",34,"71,938,160","1,629","1,501,472","77,626","50,000","1,270,437","5,000"
623,20141108,7,13,30,39,41,45,25,"58,504,142,000",8,"1,813,702,594",35,"69,093,433","1,456","1,660,900","73,522","50,000","1,245,962","5,000"
624,20141115,1,7,19,26,27,35,16,"57,832,726,000",5,"2,763,729,450",61,"37,755,867","1,574","1,463,220","78,840","50,000","1,309,900","5,000"
625,20141122,3,6,7,20,21,39,13,"58,614,979,000",5,"2,765,184,675",45,"51,207,124","1,654","1,393,181","82,014","50,000","1,354,445","5,000"
626,20141129,13,14,26,33,40,43,15,"58,986,187,000",8,"1,717,871,110",45,"50,899,885","1,766","1,296,996","86,261","50,000","1,371,217","5,000"
627,20141206,2,9,22,25,31,45,12,"55,981,334,000",10,"1,352,230,650",35,"64,391,936","1,532","1,471,096","74,824","50,000","1,243,945","5,000"
628,20141213,1,7,12,15,23,42,11,"57,253,109,000",9,"1,499,942,875",37,"60,808,495","1,628","1,382,012","80,147","50,000","1,323,978","5,000"
629,20141220,19,28,31,38,43,44,1,"57,618,701,000",5,"2,919,433,575",34,"71,554,745","1,321","1,841,682","68,554","50,000","1,183,752","5,000"
630,20141227,8,17,21,24,27,31,15,"61,335,894,000",3,"4,836,305,500",48,"50,378,183","1,631","1,482,620","84,380","50,000","1,420,745","5,000"
631,20150103,1,2,4,23,31,34,8,"65,300,621,000",4,"3,919,853,532",46,"56,809,472","1,676","1,559,210","85,710","50,000","1,491,785","5,000"
632,20150110,15,18,21,32,35,44,6,"63,066,603,000",11,"1,432,587,716",52,"50,507,901","1,645","1,596,603","78,418","50,000","1,320,223","5,000"
633,20150117,9,12,19,20,39,41,13,"62,015,797,000",12,"1,217,257,094",47,"51,798,175","1,789","1,360,825","87,613","50,000","1,430,227","5,000"
634,20150124,4,10,11,12,20,27,38,"63,149,567,000",13,"1,077,935,106",54,"43,250,483","2,208","1,057,757","101,514","50,000","1,562,975","5,000"
635,20150131,11,13,25,26,29,33,32,"62,429,621,000",8,"1,855,587,235",35,"70,689,038","1,650","1,499,465","85,675","50,000","1,427,626","5,000"
636,20150207,6,7,15,16,20,31,26,"62,786,394,000",8,"1,832,362,219",44,"55,526,128","1,973","1,238,292","90,830","50,000","1,461,300","5,000"
637,20150214,3,16,22,37,38,44,23,"63,504,865,000",4,"3,899,241,094",45,"57,766,535","1,637","1,587,963","82,147","50,000","1,369,826","5,000"
638,20150221,7,18,22,24,31,34,6,"64,319,586,000",7,"2,229,403,179",41,"63,438,302","1,719","1,513,072","84,781","50,000","1,422,596","5,000"
639,20150228,6,15,22,23,25,32,40,"66,202,599,000",4,"4,061,185,219",45,"60,165,707","1,628","1,663,058","84,861","50,000","1,439,719","5,000"
640,20150307,14,15,18,21,26,35,23,"64,080,502,000",9,"1,728,768,834",48,"54,024,027","1,639","1,582,156","85,410","50,000","1,404,905","5,000"
641,20150314,11,18,21,36,37,43,12,"63,773,134,000",8,"1,990,074,563",50,"53,068,655","1,565","1,695,485","79,145","50,000","1,340,371","5,000"
642,20150321,8,17,18,24,39,45,32,"63,544,224,000",12,"1,251,460,438",62,"40,369,692","1,815","1,379,020","88,406","50,000","1,465,689","5,000"
643,20150328,15,24,31,32,33,40,13,"63,110,068,000",6,"2,535,763,625",43,"58,971,248","1,525","1,662,796","84,656","50,000","1,407,225","5,000"
644,20150404,5,13,17,23,28,36,8,"61,846,599,000",8,"1,831,451,204",49,"49,835,407","1,879","1,299,593","87,582","50,000","1,401,744","5,000"
645,20150411,1,4,16,26,40,41,31,"62,661,756,000",4,"3,696,297,750",28,"88,007,090","1,766","1,395,356","87,873","50,000","1,444,728","5,000"
646,20150418,2,9,24,41,43,45,30,"62,308,090,000",7,"2,215,498,393",36,"71,798,560","1,522","1,698,258","77,400","50,000","1,321,212","5,000"
647,20150425,5,16,21,23,24,30,29,"62,314,338,000",7,"2,189,725,608",44,"58,060,907","1,596","1,600,677","79,202","50,000","1,351,926","5,000"
648,20150502,13,19,28,37,38,43,4,"60,874,405,000",7,"2,120,987,947",45,"54,988,577","1,631","1,517,159","80,986","50,000","1,318,403","5,000"
649,20150509,3,21,22,33,41,42,20,"60,473,178,000",5,"2,948,042,100",45,"54,593,373","1,689","1,454,531","80,347","50,000","1,313,125","5,000"
650,20150516,3,4,7,11,31,41,35,"60,991,082,000",5,"2,849,298,900",45,"52,764,795","1,814","1,308,940","87,030","50,000","1,429,743","5,000"
651,20150523,11,12,16,26,29,44,18,"61,494,891,000",8,"1,855,306,454",35,"70,678,342","1,684","1,468,968","82,567","50,000","1,365,832","5,000"
652,20150530,3,13,15,40,41,44,20,"60,426,977,000",5,"3,003,483,525",36,"69,525,082","1,504","1,664,165","75,739","50,000","1,280,663","5,000"
653,20150606,5,6,26,27,38,39,1,"59,716,037,000",14,"980,958,670",56,"40,873,278","1,997","1,146,172","88,995","50,000","1,419,408","5,000"
654,20150613,16,21,26,31,36,43,6,"60,697,813,000",8,"1,879,301,391",69,"36,315,003","1,787","1,402,203","77,788","50,000","1,282,725","5,000"
655,20150620,7,37,38,39,40,44,18,"60,434,801,000",9,"1,661,439,625",41,"60,784,377","1,610","1,547,926","77,437","50,000","1,281,655","5,000"
656,20150627,3,7,14,16,31,40,39,"61,328,118,000",2,"7,330,002,750",48,"50,902,797","1,747","1,398,589","83,772","50,000","1,385,757","5,000"
657,20150704,10,14,19,39,40,43,23,"61,769,837,000",9,"1,694,762,792",52,"48,887,389","1,562","1,627,494","78,396","50,000","1,325,593","5,000"
658,20150711,8,19,25,28,32,36,37,"61,131,243,000",9,"1,634,031,375",38,"64,501,239","1,678","1,460,696","82,738","50,000","1,364,069","5,000"
659,20150718,7,18,19,27,29,42,45,"61,677,747,000",11,"1,336,604,216",40,"61,261,027","1,765","1,388,352","85,028","50,000","1,396,789","5,000"
660,20150725,4,9,23,33,39,44,14,"60,813,322,000",10,"1,421,272,575",48,"49,349,743","1,951","1,214,141","88,247","50,000","1,408,802","5,000"
661,20150801,2,3,12,20,27,38,40,"59,597,375,000",8,"1,713,025,547",63,"36,254,509","1,830","1,248,107","87,840","50,000","1,426,883","5,000"
662,20150808,5,6,9,11,15,37,26,"59,164,542,000",8,"1,689,733,688",43,"52,394,844","1,787","1,260,761","88,493","50,000","1,426,759","5,000"
663,20150815,3,5,8,19,38,42,20,"61,100,704,000",7,"2,080,244,143",60,"40,449,192","1,627","1,491,673","84,092","50,000","1,386,028","5,000"
664,20150822,10,20,33,36,41,44,5,"61,921,689,000",10,"1,536,801,338",44,"58,212,172","1,530","1,674,076","77,395","50,000","1,320,082","5,000"
665,20150829,5,6,11,17,38,44,13,"61,885,874,000",4,"3,643,230,375",30,"80,960,675","1,790","1,356,883","87,227","50,000","1,430,205","5,000"
666,20150905,2,4,6,11,17,28,16,"62,652,917,000",6,"2,396,901,063",47,"50,997,895","1,947","1,231,074","93,631","50,000","1,493,940","5,000"
667,20150912,15,17,25,37,42,43,13,"63,421,632,000",7,"2,228,764,393",40,"65,005,629","1,543","1,685,176","81,344","50,000","1,368,363","5,000"
668,20150919,12,14,15,24,27,32,3,"63,346,405,000",5,"2,991,158,625",56,"44,511,290","1,873","1,330,824","89,414","50,000","1,452,289","5,000"
669,20150926,7,8,20,29,33,38,9,"67,952,211,000",6,"2,708,173,188",52,"52,080,254","1,949","1,389,520","93,078","50,000","1,531,364","5,000"
670,20151003,11,18,26,27,40,41,25,"62,242,687,000",12,"1,191,725,219",39,"61,114,114","2,145","1,111,166","92,680","50,000","1,483,948","5,000"
671,20151010,7,9,10,13,31,35,24,"63,940,807,000",4,"3,722,322,844",48,"51,698,929","1,778","1,395,697","90,364","50,000","1,519,963","5,000"
672,20151017,8,21,28,31,36,45,43,"63,542,330,000",9,"1,754,745,000",46,"57,219,946","1,629","1,615,788","80,167","50,000","1,341,175","5,000"
673,20151024,7,10,17,29,33,44,5,"63,163,578,000",10,"1,491,453,300",35,"71,021,586","1,864","1,333,560","88,838","50,000","1,450,769","5,000"
674,20151031,9,10,14,25,27,31,11,"61,386,974,000",8,"1,770,565,500",48,"49,182,375","1,846","1,278,849","89,646","50,000","1,465,031","5,000"
675,20151107,1,8,11,15,18,45,7,"60,458,623,000",4,"3,514,549,032",65,"36,046,657","1,806","1,297,361","88,118","50,000","1,415,830","5,000"
676,20151114,1,8,17,34,39,45,27,"62,147,642,000",8,"1,879,726,500",63,"39,782,572","1,665","1,505,287","83,276","50,000","1,371,921","5,000"
677,20151121,12,15,24,36,41,44,42,"62,267,624,000",8,"1,921,114,407",37,"69,229,348","1,701","1,505,871","79,827","50,000","1,330,115","5,000"
678,20151128,4,5,6,12,25,37,45,"60,887,293,000",6,"2,288,490,188",41,"55,816,834","1,855","1,233,688","93,305","50,000","1,494,095","5,000"
679,20151205,3,5,7,14,26,34,35,"62,220,918,000",5,"2,863,005,600",54,"44,182,186","1,829","1,304,450","91,171","50,000","1,493,041","5,000"
680,20151212,4,10,19,29,32,42,30,"64,245,201,000",14,"1,110,570,563",44,"58,893,894","1,870","1,385,739","86,441","50,000","1,413,980","5,000"
681,20151219,21,24,27,29,43,44,7,"63,268,253,000",6,"2,696,328,938",37,"72,873,756","1,441","1,871,152","73,062","50,000","1,282,079","5,000"
682,20151226,17,23,27,35,38,43,2,"66,757,858,000",4,"4,063,713,563",56,"48,377,543","1,851","1,463,611","87,618","50,000","1,464,978","5,000"
683,20160102,6,13,20,27,28,40,15,"71,940,091,000",16,"1,010,930,883",45,"59,907,016","2,704","996,974","117,974","50,000","1,700,964","5,000"
684,20160109,1,11,15,17,25,39,40,"66,623,887,000",9,"1,688,815,709",62,"40,858,445","1,968","1,287,208","98,607","50,000","1,623,161","5,000"
685,20160116,6,7,12,28,38,40,18,"69,126,675,000",11,"1,494,367,671",52,"52,686,040","1,910","1,434,385","95,302","50,000","1,576,169","5,000"
686,20160123,7,12,15,24,25,43,13,"65,274,010,000",8,"1,937,531,719",36,"71,760,435","1,863","1,386,676","91,027","50,000","1,483,730","5,000"
687,20160130,1,8,10,13,28,42,45,"68,044,669,000",6,"2,720,029,313",38,"71,579,719","1,780","1,528,107","91,404","50,000","1,538,380","5,000"
688,20160206,5,15,22,23,34,35,2,"73,095,612,000",9,"1,967,536,750",53,"55,685,003","2,107","1,400,715","97,676","50,000","1,610,713","5,000"
689,20160213,7,17,19,30,36,38,34,"67,460,147,000",7,"2,321,775,911",44,"61,562,241","1,809","1,497,368","90,296","50,000","1,509,073","5,000"
690,20160220,24,25,33,34,38,39,43,"69,142,025,000",15,"1,126,507,625",34,"82,831,444","1,772","1,589,317","87,970","50,000","1,528,472","5,000"
691,20160227,15,27,33,35,43,45,16,"68,590,328,000",6,"2,839,296,750",31,"91,590,218","1,708","1,662,352","86,063","50,000","1,455,528","5,000"
692,20160305,3,11,14,15,32,36,44,"66,390,499,000",7,"2,301,273,697",44,"61,018,621","1,770","1,516,848","87,763","50,000","1,465,709","5,000"
693,20160312,1,6,11,28,34,42,30,"67,352,935,000",10,"1,642,763,813",43,"63,673,016","1,692","1,618,168","87,017","50,000","1,484,420","5,000"
694,20160319,7,15,20,25,33,43,12,"67,533,257,000",10,"1,555,036,388",78,"33,227,274","2,286","1,133,739","102,474","50,000","1,581,822","5,000"
695,20160326,4,18,26,33,34,38,14,"67,672,085,000",11,"1,450,214,830",66,"40,283,746","1,979","1,343,471","95,436","50,000","1,558,885","5,000"
696,20160402,1,7,16,18,34,38,21,"67,542,971,000",10,"1,632,054,413",44,"61,820,243","1,721","1,580,530","90,020","50,000","1,501,952","5,000"
697,20160409,2,5,8,11,33,39,31,"66,966,141,000",10,"1,531,443,038",90,"28,360,057","1,940","1,315,673","99,698","50,000","1,615,786","5,000"
698,20160416,3,11,13,21,33,37,18,"66,283,268,000",8,"1,921,084,125",48,"53,363,448","2,088","1,226,746","97,965","50,000","1,550,364","5,000"
699,20160423,4,5,8,16,21,29,3,"66,743,146,000",8,"1,995,411,375",50,"53,210,970","1,799","1,478,905","90,504","50,000","1,512,397","5,000"
700,20160430,11,23,28,29,30,44,13,"66,846,276,000",8,"2,082,099,188",41,"67,710,543","1,562","1,777,294","82,874","50,000","1,414,076","5,000"
701,20160507,3,10,14,16,36,38,35,"64,454,138,000",10,"1,583,183,175",40,"65,965,966","1,659","1,590,500","81,917","50,000","1,404,422","5,000"
702,20160514,3,13,16,24,26,29,9,"66,219,854,000",11,"1,465,091,387",46,"58,391,324","1,819","1,476,636","88,043","50,000","1,443,954","5,000"
703,20160521,10,28,31,33,41,44,21,"65,728,988,000",5,"3,235,784,100",51,"52,872,290","1,719","1,568,637","84,194","50,000","1,416,580","5,000"
704,20160528,1,4,8,23,33,42,45,"65,930,117,000",4,"3,865,190,344",47,"54,825,395","1,906","1,351,938","95,021","50,000","1,519,932","5,000"
705,20160604,1,6,17,22,28,45,23,"65,859,843,000",4,"3,987,206,532",49,"54,247,708","1,805","1,472,653","87,931","50,000","1,453,654","5,000"
706,20160611,3,4,6,10,28,30,37,"65,723,488,000",4,"3,831,746,063",51,"50,088,184","2,108","1,211,811","95,376","50,000","1,531,393","5,000"
707,20160618,2,12,19,24,39,44,35,"66,813,924,000",12,"1,322,167,313",74,"35,734,252","2,006","1,318,213","94,281","50,000","1,507,647","5,000"
708,20160625,2,10,16,19,34,45,1,"66,806,307,000",4,"4,099,552,219",52,"52,558,362","1,712","1,596,399","86,091","50,000","1,446,865","5,000"
709,20160702,10,18,30,36,39,44,32,"65,592,504,000",14,"1,165,271,625",44,"61,794,708","1,696","1,603,165","82,305","50,000","1,385,853","5,000"
710,20160709,3,4,9,24,25,33,10,"65,083,972,000",5,"2,895,441,150",57,"42,331,011","1,990","1,212,497","102,058","50,000","1,627,229","5,000"
711,20160716,11,15,24,35,37,45,42,"66,152,746,000",7,"2,277,413,358",44,"60,385,961","1,865","1,424,656","89,898","50,000","1,465,123","5,000"
712,20160723,17,20,30,31,33,45,19,"66,136,318,000",4,"4,034,485,125",47,"57,226,740","1,727","1,557,416","86,066","50,000","1,449,521","5,000"
713,20160730,2,5,15,18,19,23,44,"64,646,552,000",9,"1,714,720,917",50,"51,441,628","1,791","1,436,115","87,920","50,000","1,470,125","5,000"
714,20160806,1,7,22,33,37,40,20,"64,099,989,000",7,"2,085,131,733",46,"52,883,776","2,029","1,198,943","96,576","50,000","1,551,993","5,000"
715,20160813,2,7,27,33,41,44,10,"65,794,607,000",6,"2,605,510,438",61,"42,713,286","1,873","1,391,090","90,747","50,000","1,503,174","5,000"
716,20160820,2,6,13,16,29,30,21,"67,040,169,000",12,"1,358,752,157",35,"77,642,981","1,743","1,559,096","88,628","50,000","1,469,730","5,000"
717,20160827,2,11,19,25,28,32,44,"68,597,839,000",6,"2,702,433,688",47,"57,498,590","1,974","1,369,015","96,836","50,000","1,567,530","5,000"
718,20160903,4,11,20,23,32,39,40,"69,400,763,000",17,"926,166,464",64,"41,002,162","2,404","1,091,572","114,614","50,000","1,595,315","5,000"
719,20160910,4,8,13,19,20,43,26,"71,378,392,000",9,"1,879,581,334",58,"48,609,863","2,020","1,395,729","99,906","50,000","1,627,784","5,000"
720,20160917,1,12,29,34,36,37,41,"69,939,090,000",14,"1,233,770,358",37,"77,805,338","1,778","1,619,122","88,260","50,000","1,505,233","5,000"
721,20160924,1,28,35,41,43,44,31,"71,627,567,000",8,"2,273,767,360",40,"75,792,246","1,607","1,886,553","84,770","50,000","1,464,353","5,000"
722,20161001,12,14,21,30,39,43,45,"69,446,489,000",4,"4,365,422,719",46,"63,266,996","1,688","1,724,101","84,912","50,000","1,439,078","5,000"
723,20161008,20,30,33,35,36,44,22,"67,750,231,000",8,"2,114,365,360",40,"70,478,846","1,777","1,586,469","85,141","50,000","1,412,967","5,000"
724,20161015,2,8,33,35,37,41,14,"69,987,274,000",12,"1,427,789,813",55,"51,919,630","1,833","1,557,873","90,083","50,000","1,528,970","5,000"
725,20161022,6,7,19,21,41,43,38,"70,208,676,000",11,"1,579,217,250",47,"61,600,673","1,795","1,612,943","88,359","50,000","1,504,907","5,000"
726,20161029,1,11,21,23,34,44,24,"68,799,295,000",14,"1,166,872,634",56,"48,619,694","2,099","1,297,143","96,718","50,000","1,556,425","5,000"
727,20161105,7,8,10,19,21,31,20,"67,559,139,000",14,"1,115,107,742",87,"29,907,105","2,064","1,260,620","99,271","50,000","1,600,135","5,000"
728,20161112,3,6,10,30,34,37,36,"68,306,112,000",5,"3,243,464,400",56,"48,265,840","1,869","1,446,168","94,693","50,000","1,559,062","5,000"
729,20161119,11,17,21,26,36,45,16,"68,784,161,000",4,"4,198,250,719",35,"79,966,681","1,875","1,492,712","89,560","50,000","1,504,682","5,000"
730,20161126,4,10,14,15,18,22,39,"66,934,105,000",8,"2,017,382,110",45,"59,774,285","1,741","1,544,999","88,791","50,000","1,501,752","5,000"
731,20161203,2,7,13,25,42,45,39,"69,239,673,000",7,"2,340,471,054",45,"60,678,880","1,908","1,431,106","96,083","50,000","1,594,258","5,000"
732,20161210,2,4,5,17,27,32,43,"68,645,948,000",7,"2,203,270,608",45,"57,121,831","2,061","1,247,202","104,583","50,000","1,705,993","5,000"
733,20161217,11,24,32,33,35,40,13,"69,321,488,000",4,"4,016,725,125",57,"46,979,242","1,966","1,362,064","101,369","50,000","1,633,952","5,000"
734,20161224,6,16,37,38,41,45,18,"71,457,582,000",9,"1,949,395,500",36,"81,224,813","1,758","1,663,307","92,514","50,000","1,542,069","5,000"
735,20161231,5,10,13,27,37,41,4,"77,488,209,000",10,"1,847,231,588",50,"61,574,387","2,269","1,356,862","107,013","50,000","1,752,740","5,000"
736,20170107,2,11,17,18,21,27,6,"73,510,203,000",5,"3,397,362,225",54,"52,428,430","2,250","1,258,283","107,357","50,000","1,747,634","5,000"
737,20170114,13,15,18,24,27,41,11,"70,775,944,000",4,"4,283,061,000",48,"59,486,959","1,937","1,474,122","94,183","50,000","1,567,166","5,000"
738,20170121,23,27,28,38,42,43,36,"71,768,122,000",11,"1,634,191,091",48,"62,417,021","1,640","1,826,840","88,050","50,000","1,502,685","5,000"
739,20170128,7,22,29,33,34,35,30,"77,999,661,000",4,"4,744,122,282",45,"70,283,294","1,942","1,628,604","101,983","50,000","1,719,739","5,000"
740,20170204,4,8,9,16,17,19,31,"75,186,520,000",18,"936,929,792",43,"65,367,195","2,447","1,148,668","115,722","50,000","1,864,169","5,000"
741,20170211,5,21,27,34,44,45,16,"74,392,585,000",6,"3,043,595,938",55,"55,338,108","1,829","1,664,077","95,007","50,000","1,619,435","5,000"
742,20170218,8,10,13,36,37,40,6,"73,857,792,000",16,"1,111,814,813",44,"67,382,716","1,986","1,492,870","98,348","50,000","1,658,556","5,000"
743,20170225,15,19,21,34,41,44,10,"73,436,852,000",7,"2,608,641,000",46,"66,161,185","1,982","1,535,527","91,886","50,000","1,555,362","5,000"
744,20170304,10,15,18,21,34,41,43,"73,507,293,000",15,"1,155,411,575",61,"47,352,934","2,779","1,039,414","109,229","50,000","1,636,793","5,000"
745,20170311,1,2,3,9,12,23,10,"73,575,119,000",20,"746,822,982",110,"22,631,000","3,692","674,272","141,918","50,000","1,955,276","5,000"
746,20170318,3,12,33,36,42,45,25,"74,239,579,000",9,"2,038,623,709",58,"52,723,027","1,904","1,606,059","94,197","50,000","1,589,291","5,000"
747,20170325,7,9,12,14,23,28,17,"73,337,880,000",9,"1,903,214,584",59,"48,386,812","2,217","1,287,696","105,307","50,000","1,713,003","5,000"
748,20170401,3,10,13,22,31,32,29,"72,750,277,000",9,"1,928,246,542",59,"49,023,218","1,937","1,493,222","99,448","50,000","1,652,756","5,000"
749,20170408,12,14,24,26,34,45,41,"72,252,889,000",13,"1,350,104,395",64,"45,706,660","1,985","1,473,666","95,573","50,000","1,589,197","5,000"
750,20170415,1,2,15,19,24,36,12,"72,248,100,000",7,"2,522,104,286",44,"66,873,978","1,779","1,653,994","93,135","50,000","1,585,532","5,000"
751,20170422,3,4,16,20,28,44,17,"71,534,233,000",8,"2,097,968,110",69,"40,540,447","2,210","1,265,743","102,632","50,000","1,651,438","5,000"
752,20170429,4,16,20,33,40,43,7,"71,600,822,000",9,"1,870,358,834",75,"37,407,177","2,036","1,377,966","102,477","50,000","1,646,451","5,000"
753,20170506,2,17,19,24,37,41,3,"68,915,001,000",6,"2,711,105,063",58,"46,743,191","1,934","1,401,813","97,566","50,000","1,578,072","5,000"
754,20170513,2,8,17,24,29,31,32,"70,765,850,000",5,"3,427,542,000",50,"57,125,700","1,856","1,538,947","93,279","50,000","1,573,739","5,000"
755,20170520,13,14,26,28,30,36,37,"71,300,635,000",8,"2,214,427,266",54,"54,677,217","1,845","1,600,309","89,745","50,000","1,508,502","5,000"
756,20170527,10,14,16,18,27,28,4,"70,992,946,000",5,"3,414,434,700",53,"53,686,081","1,866","1,524,846","94,800","50,000","1,598,715","5,000"
757,20170603,6,7,11,17,33,44,1,"71,053,002,000",21,"739,839,858",68,"38,079,993","2,657","974,573","117,353","50,000","1,788,667","5,000"
758,20170610,5,9,12,30,39,43,24,"71,764,259,000",8,"2,078,969,954",63,"43,999,365","2,170","1,277,401","106,121","50,000","1,680,080","5,000"
759,20170617,9,33,36,40,42,43,32,"72,632,208,000",6,"3,032,670,500",44,"68,924,330","1,761","1,722,130","88,543","50,000","1,525,518","5,000"
760,20170624,10,22,27,31,42,43,12,"72,200,797,000",8,"2,253,299,391",45,"66,764,427","1,749","1,717,782","89,221","50,000","1,520,831","5,000"
761,20170701,4,7,11,24,42,45,30,"71,415,903,000",7,"2,392,730,518",52,"53,683,057","2,139","1,305,058","101,503","50,000","1,660,130","5,000"
762,20170708,1,3,12,21,26,41,16,"70,558,895,000",10,"1,631,432,063",53,"51,302,896","2,044","1,330,261","103,406","50,000","1,671,344","5,000"
763,20170715,3,8,16,32,34,43,10,"70,652,100,000",8,"2,138,130,000",45,"63,352,000","2,019","1,412,006","94,176","50,000","1,562,106","5,000"
764,20170722,7,22,24,31,34,36,15,"70,318,932,000",7,"2,459,975,465",44,"65,226,623","1,908","1,504,178","90,896","50,000","1,530,979","5,000"
765,20170729,1,3,8,12,42,43,33,"70,972,360,000",15,"1,109,214,250",54,"51,352,512","2,121","1,307,419","101,653","50,000","1,643,849","5,000"
766,20170805,9,30,34,35,39,41,21,"69,500,769,000",8,"2,173,637,297",41,"70,687,392","1,734","1,671,386","85,422","50,000","1,458,764","5,000"
767,20170812,5,15,20,31,34,42,22,"71,285,599,000",15,"1,163,768,725",46,"63,248,301","1,905","1,527,256","92,437","50,000","1,549,115","5,000"
768,20170819,7,27,29,30,38,44,4,"72,306,975,000",13,"1,363,572,260",53,"55,743,521","1,849","1,597,841","93,126","50,000","1,572,387","5,000"
769,20170826,5,7,11,16,41,45,4,"72,873,431,000",9,"1,930,760,042",55,"52,657,093","1,962","1,476,117","99,272","50,000","1,660,799","5,000"
770,20170902,1,9,12,23,39,43,34,"74,166,379,000",8,"2,163,099,329",75,"38,455,100","2,302","1,252,882","108,450","50,000","1,717,526","5,000"
771,20170909,6,10,17,18,21,29,30,"73,545,939,000",4,"4,362,644,907",49,"59,355,714","2,054","1,415,984","102,013","50,000","1,680,976","5,000"
772,20170916,5,6,11,14,21,41,32,"74,375,369,000",10,"1,769,608,838",53,"55,648,077","2,027","1,455,032","103,023","50,000","1,688,350","5,000"
773,20170923,8,12,19,21,31,35,44,"74,560,597,000",11,"1,609,403,080",58,"50,871,937","2,094","1,409,061","104,474","50,000","1,690,404","5,000"
774,20170930,12,15,18,28,34,42,9,"77,347,021,000",11,"1,709,721,512",60,"52,241,491","1,956","1,602,500","101,524","50,000","1,704,279","5,000"
775,20171007,11,12,29,33,38,42,17,"70,795,452,000",5,"3,470,437,650",37,"78,163,011","1,719","1,682,392","91,297","50,000","1,539,325","5,000"
776,20171014,8,9,18,21,28,40,20,"74,826,082,000",7,"2,557,579,393",50,"59,676,853","2,001","1,491,176","102,081","50,000","1,687,650","5,000"
777,20171021,6,12,17,21,34,37,18,"75,534,360,000",21,"833,468,036",66,"44,199,063","2,413","1,208,926","111,938","50,000","1,766,635","5,000"
778,20171028,6,21,35,36,37,41,11,"75,075,606,000",3,"6,264,069,500",67,"46,746,788","1,731","1,809,379","92,126","50,000","1,575,045","5,000"
779,20171104,6,12,19,24,34,41,4,"73,773,676,000",11,"1,527,709,296",66,"42,436,370","2,503","1,118,978","114,464","50,000","1,751,447","5,000"
780,20171111,15,17,19,21,27,45,16,"74,232,084,000",11,"1,667,520,137",45,"67,936,006","1,681","1,818,632","92,630","50,000","1,605,516","5,000"
781,20171118,11,16,18,19,24,39,43,"72,483,157,000",9,"1,882,891,542",52,"54,314,180","1,967","1,435,861","102,959","50,000","1,699,786","5,000"
782,20171125,6,18,31,34,38,45,20,"72,253,973,000",9,"1,946,487,625",49,"59,586,356","2,047","1,426,347","96,821","50,000","1,585,617","5,000"
783,20171202,14,15,16,17,38,45,36,"73,525,256,000",4,"4,603,964,625",36,"85,258,605","1,869","1,642,221","90,899","50,000","1,532,640","5,000"
784,20171209,3,10,23,24,31,39,22,"74,311,382,000",9,"1,908,678,000",51,"56,137,589","2,257","1,268,506","115,089","50,000","1,699,421","5,000"
785,20171216,4,6,15,25,26,33,40,"72,974,563,000",6,"2,886,622,688",55,"52,484,049","1,972","1,463,805","100,062","50,000","1,678,240","5,000"
786,20171223,12,15,16,20,24,30,38,"75,930,156,000",4,"4,551,365,250",96,"31,606,704","2,064","1,470,080","103,000","50,000","1,708,226","5,000"
787,20171230,5,6,13,16,27,28,9,"79,593,923,000",6,"3,092,108,313",51,"60,629,575","2,339","1,321,979","114,842","50,000","1,863,599","5,000"
788,20180106,2,10,11,19,35,39,29,"78,121,882,000",13,"1,401,475,154",70,"43,378,993","2,257","1,345,384","112,504","50,000","1,828,701","5,000"
789,20180113,2,6,7,12,19,45,38,"76,136,603,000",15,"1,140,976,825",70,"40,749,173","2,437","1,170,473","118,089","50,000","1,868,863","5,000"
790,20180120,3,8,19,27,30,41,12,"78,978,881,000",16,"1,160,516,274",59,"52,452,713","2,417","1,280,394","113,336","50,000","1,812,992","5,000"
791,20180127,2,10,12,31,33,42,32,"74,205,844,000",14,"1,253,081,893",38,"76,943,625","2,410","1,213,219","102,931","50,000","1,713,102","5,000"
792,20180203,2,7,19,25,29,36,16,"76,339,003,000",7,"2,655,736,768",65,"47,667,071","1,958","1,582,411","99,185","50,000","1,684,675","5,000"
793,20180210,10,15,21,35,38,43,31,"76,177,477,000",5,"3,750,146,775",61,"51,231,514","2,043","1,529,674","98,216","50,000","1,635,392","5,000"
794,20180217,6,7,18,19,30,38,13,"79,941,579,000",7,"2,650,940,304",45,"68,728,082","2,607","1,186,331","116,809","50,000","1,877,646","5,000"
795,20180224,3,10,13,26,34,38,36,"79,661,342,000",11,"1,714,977,000",62,"50,711,686","2,423","1,297,617","111,043","50,000","1,825,105","5,000"
796,20180303,1,21,26,36,40,41,5,"77,685,943,000",7,"2,763,490,340",46,"70,088,524","1,921","1,678,331","96,701","50,000","1,643,069","5,000"
797,20180310,5,22,31,32,39,45,36,"77,339,940,000",8,"2,397,028,125",34,"94,001,103","1,868","1,710,941","97,900","50,000","1,641,334","5,000"
798,20180317,2,10,14,22,32,36,41,"77,038,759,000",7,"2,710,791,911",60,"52,709,843","2,124","1,488,979","98,988","50,000","1,653,851","5,000"
799,20180324,12,17,23,34,42,45,33,"76,708,986,000",10,"1,826,427,225",56,"54,357,954","2,242","1,357,737","107,519","50,000","1,725,236","5,000"
800,20180331,1,4,10,12,28,45,26,"76,994,062,000",11,"1,632,246,205",51,"58,675,518","2,179","1,373,315","110,956","50,000","1,801,924","5,000"
801,20180407,17,25,28,37,43,44,2,"74,034,792,000",8,"2,256,786,657",51,"59,000,959","1,999","1,505,278","97,006","50,000","1,618,941","5,000"
802,20180414,10,11,12,18,24,42,27,"75,146,781,000",16,"1,082,947,993",67,"43,102,408","2,207","1,308,501","107,980","50,000","1,814,300","5,000"
803,20180421,5,9,14,26,30,43,2,"75,670,793,000",5,"3,663,810,225",50,"61,063,504","2,094","1,458,059","102,413","50,000","1,657,869","5,000"
804,20180428,1,10,13,26,32,36,9,"74,557,028,000",11,"1,631,996,523",49,"61,061,095","2,048","1,460,935","100,907","50,000","1,659,443","5,000"
805,20180505,3,12,13,18,31,32,42,"73,065,981,000",4,"4,266,061,969",53,"53,661,157","2,075","1,370,623","105,602","50,000","1,700,112","5,000"
806,20180512,14,20,23,31,37,38,27,"74,030,583,000",7,"2,640,760,875",57,"54,050,662","1,850","1,665,345","91,180","50,000","1,561,838","5,000"
807,20180519,6,10,18,25,34,35,33,"73,831,580,000",7,"2,437,662,322",59,"48,202,363","2,319","1,226,365","108,300","50,000","1,749,855","5,000"
808,20180526,15,21,31,32,41,43,24,"74,911,438,000",6,"3,087,620,500",46,"67,122,185","1,962","1,573,711","95,319","50,000","1,597,761","5,000"
809,20180602,6,11,15,17,23,40,39,"74,214,104,000",6,"2,921,372,750",56,"52,167,371","2,179","1,340,695","104,350","50,000","1,703,714","5,000"
810,20180609,5,10,13,21,39,43,11,"74,388,355,000",8,"2,231,598,047",64,"46,491,626","2,053","1,449,325","100,608","50,000","1,672,013","5,000"
811,20180616,8,11,19,21,36,45,25,"74,570,813,000",7,"2,524,148,197",49,"60,098,767","2,151","1,369,057","104,155","50,000","1,703,788","5,000"
812,20180623,1,3,12,14,16,43,10,"74,147,816,000",6,"2,947,954,750",68,"43,352,276","1,976","1,491,880","100,498","50,000","1,693,074","5,000"
813,20180630,11,30,34,35,42,44,27,"73,394,947,000",4,"4,591,763,157",43,"71,190,127","1,800","1,700,654","89,323","50,000","1,548,384","5,000"
814,20180707,2,21,28,38,42,45,30,"74,316,543,000",6,"3,067,192,063",52,"58,984,463","1,833","1,673,319","93,837","50,000","1,585,777","5,000"
815,20180714,17,21,25,26,27,36,4,"73,416,400,000",7,"2,579,855,358",39,"77,175,161","1,703","1,767,371","92,977","50,000","1,596,140","5,000"
816,20180721,12,18,19,29,31,39,7,"72,397,826,000",8,"2,128,107,938",67,"42,350,407","2,064","1,374,747","102,402","50,000","1,675,799","5,000"
817,20180728,3,9,12,13,25,43,34,"72,552,766,000",9,"1,868,477,334",54,"51,902,149","2,068","1,355,279","105,276","50,000","1,718,171","5,000"
818,20180804,14,15,25,28,29,30,3,"71,793,353,000",13,"1,380,804,318",39,"76,711,351","1,845","1,621,541","90,205","50,000","1,490,497","5,000"
819,20180811,16,25,33,38,40,45,15,"74,578,907,000",7,"2,594,534,840",49,"61,774,640","1,981","1,527,995","97,667","50,000","1,638,089","5,000"
820,20180818,10,21,22,30,35,42,6,"75,744,571,000",4,"4,627,313,532",60,"51,414,595","1,987","1,552,530","99,433","50,000","1,644,326","5,000"
821,20180825,1,12,13,24,29,44,16,"76,118,239,000",14,"1,316,155,956",55,"55,836,920","2,100","1,462,396","101,082","50,000","1,687,355","5,000"
822,20180901,9,18,20,24,27,36,12,"75,681,739,000",3,"5,930,898,625",79,"37,537,334","2,153","1,377,357","108,789","50,000","1,735,565","5,000"
823,20180908,12,18,24,26,39,40,15,"77,400,124,000",9,"2,009,843,917",61,"49,422,392","2,348","1,283,972","112,065","50,000","1,795,737","5,000"
824,20180915,7,9,24,29,34,38,26,"78,257,422,000",15,"1,256,646,550",51,"61,600,322","2,106","1,491,746","105,359","50,000","1,745,566","5,000"
825,20180922,8,15,21,31,33,38,42,"82,890,578,000",12,"1,658,710,563",53,"62,592,852","2,249","1,475,065","113,070","50,000","1,850,484","5,000"
826,20180929,13,16,24,25,33,36,42,"78,218,740,000",9,"2,075,192,084",47,"66,229,535","2,232","1,394,619","108,626","50,000","1,755,153","5,000"
827,20181006,5,11,12,29,33,44,14,"76,490,125,000",15,"1,206,500,375",46,"65,570,673","2,113","1,427,474","106,164","50,000","1,761,371","5,000"
828,20181013,4,7,13,29,31,39,18,"77,552,827,000",13,"1,455,185,972",62,"50,853,274","1,968","1,602,085","100,644","50,000","1,704,198","5,000"
829,20181020,4,5,31,35,43,45,29,"77,998,807,000",8,"2,444,650,641",45,"72,434,094","1,837","1,774,379","94,679","50,000","1,637,836","5,000"
830,20181027,5,6,16,18,37,38,17,"77,714,000,000",9,"2,060,528,750",80,"38,634,915","2,142","1,442,948","106,206","50,000","1,764,071","5,000"
831,20181103,3,10,16,19,31,39,9,"77,622,753,000",16,"1,110,702,258",61,"48,555,290","2,660","1,113,486","117,332","50,000","1,849,959","5,000"
832,20181110,13,14,19,26,40,43,30,"77,411,900,000",9,"2,088,204,584",60,"52,205,115","2,137","1,465,750","102,312","50,000","1,706,379","5,000"
833,20181117,12,18,30,39,41,42,19,"77,738,402,000",8,"2,356,317,282",53,"59,278,423","1,945","1,615,299","103,152","50,000","1,715,510","5,000"
834,20181124,6,8,18,35,42,43,3,"75,941,791,000",11,"1,690,693,671",47,"65,949,044","1,967","1,575,804","99,132","50,000","1,643,491","5,000"
835,20181201,9,10,13,28,38,45,35,"77,694,435,000",15,"1,233,681,125",58,"53,175,911","2,306","1,337,469","106,763","50,000","1,767,089","5,000"
836,20181208,1,9,11,14,26,28,19,"74,536,697,000",14,"1,257,843,670",62,"47,338,203","2,230","1,316,130","103,846","50,000","1,719,260","5,000"
837,20181215,2,25,28,30,33,45,6,"76,614,176,000",6,"3,144,449,125",47,"66,903,173","2,012","1,562,848","97,334","50,000","1,656,959","5,000"
838,20181222,9,14,17,33,36,38,20,"79,414,484,000",5,"3,813,733,050",68,"46,736,925","2,220","1,431,582","107,897","50,000","1,777,501","5,000"
839,20181229,3,9,11,12,13,19,35,"79,219,710,000",13,"1,359,454,904",48,"61,364,284","2,664","1,105,663","126,227","50,000","1,946,924","5,000"
840,20190105,2,4,11,28,29,43,27,"84,057,771,000",10,"2,042,961,788",51,"66,763,458","2,275","1,496,676","110,586","50,000","1,852,019","5,000"
841,20190112,5,11,14,30,33,38,24,"81,580,789,000",17,"1,116,095,714",88,"35,934,900","2,490","1,269,989","119,648","50,000","1,901,965","5,000"
842,20190119,14,26,32,36,39,42,38,"81,957,444,000",10,"2,035,475,025",42,"80,772,819","2,039","1,663,786","103,190","50,000","1,735,911","5,000"
843,20190126,19,21,30,33,34,42,4,"81,857,498,000",5,"4,012,970,100",52,"64,310,419","2,002","1,670,401","105,717","50,000","1,777,953","5,000"
844,20190202,7,8,13,15,33,45,18,"87,805,610,000",18,"1,162,963,542",73,"47,793,023","2,406","1,450,080","120,078","50,000","1,997,556","5,000"
845,20190209,1,16,29,33,40,45,6,"83,884,034,000",11,"1,891,217,182",56,"61,914,849","2,038","1,701,292","105,790","50,000","1,782,933","5,000"
846,20190216,5,18,30,41,43,45,13,"83,936,839,000",13,"1,596,884,395",69,"50,143,713","1,997","1,732,557","106,009","50,000","1,797,728","5,000"
847,20190223,12,16,26,28,30,42,22,"83,782,512,000",8,"2,520,846,657",40,"84,028,222","2,443","1,375,821","114,324","50,000","1,857,205","5,000"
848,20190302,1,2,16,22,38,39,34,"84,523,266,000",7,"3,011,580,858",42,"83,655,024","2,109","1,665,961","103,845","50,000","1,792,259","5,000"
849,20190309,5,13,17,29,34,39,3,"82,333,674,000",17,"1,158,252,883",56,"58,602,081","2,682","1,223,608","113,125","50,000","1,851,371","5,000"
850,20190316,16,20,24,28,36,39,5,"81,474,176,000",6,"3,377,587,875",55,"61,410,689","2,023","1,669,594","101,591","50,000","1,727,367","5,000"
851,20190323,14,18,22,26,31,44,40,"81,099,116,000",8,"2,483,692,313",70,"47,308,425","2,101","1,576,197","106,132","50,000","1,750,048","5,000"
852,20190330,11,17,28,30,33,35,9,"81,470,793,000",4,"4,801,543,407",67,"47,776,552","2,328","1,375,013","114,850","50,000","1,876,933","5,000"
853,20190406,2,8,23,26,27,44,13,"82,244,370,000",7,"2,885,006,786",90,"37,398,237","2,018","1,667,910","105,158","50,000","1,787,511","5,000"
854,20190413,20,25,31,32,36,43,3,"81,823,338,000",6,"3,421,706,750",44,"77,766,063","1,865","1,834,696","99,152","50,000","1,716,083","5,000"
855,20190420,8,15,17,19,43,44,7,"82,374,732,000",9,"2,269,510,500",61,"55,807,636","2,022","1,683,614","102,532","50,000","1,765,328","5,000"
856,20190427,10,24,40,41,43,44,17,"80,496,424,000",5,"3,977,927,550",53,"62,546,031","1,949","1,700,842","104,537","50,000","1,700,369","5,000"
857,20190504,6,10,16,28,34,38,43,"80,933,117,000",15,"1,284,915,425",62,"51,811,106","2,367","1,357,114","111,971","50,000","1,833,940","5,000"
858,20190511,9,13,32,38,39,43,23,"81,366,889,000",9,"2,202,347,459",41,"80,573,688","2,075","1,592,059","106,176","50,000","1,789,295","5,000"
859,20190518,8,22,35,38,39,41,24,"80,944,223,000",11,"1,853,927,489",51,"66,644,453","1,895","1,793,598","97,729","50,000","1,678,945","5,000"
860,20190525,4,8,18,25,27,32,42,"81,846,672,000",10,"1,879,899,825",62,"50,534,942","2,339","1,339,533","128,867","50,000","1,882,931","5,000"
861,20190601,11,17,19,21,22,25,24,"81,032,551,000",4,"4,872,108,844",65,"49,970,348","2,256","1,439,749","108,644","50,000","1,819,899","5,000"
862,20190608,10,34,38,40,42,43,32,"80,609,005,000",9,"2,190,922,709",63,"52,164,827","2,042","1,609,395","104,765","50,000","1,755,036","5,000"
863,20190615,16,21,28,35,39,43,12,"81,288,540,000",7,"2,853,357,322",64,"52,014,327","2,042","1,630,224","104,949","50,000","1,753,097","5,000"
864,20190622,3,7,10,13,25,36,32,"82,220,290,000",11,"1,716,553,637",64,"49,172,110","2,467","1,275,645","122,913","50,000","1,957,675","5,000"
865,20190629,3,15,22,32,33,45,2,"81,748,217,000",13,"1,551,729,145",52,"64,655,382","2,076","1,619,499","104,626","50,000","1,749,234","5,000"
866,20190706,9,15,29,34,37,39,12,"81,961,886,000",9,"2,240,409,000",68,"49,420,787","2,035","1,651,408","104,919","50,000","1,770,017","5,000"
867,20190713,14,17,19,22,24,40,41,"81,607,190,000",5,"3,933,755,250",57,"57,511,042","2,175","1,507,186","109,516","50,000","1,820,552","5,000"
868,20190720,12,17,28,41,43,44,25,"80,549,078,000",6,"3,233,804,250",61,"53,013,185","2,152","1,502,698","109,133","50,000","1,789,491","5,000"
869,20190727,2,6,20,27,37,39,4,"80,268,389,000",10,"1,922,582,588",56,"57,219,720","2,210","1,449,912","108,562","50,000","1,814,332","5,000"
870,20190803,21,25,30,32,40,42,31,"78,688,663,000",10,"1,928,842,988",48,"66,973,715","2,033","1,581,279","102,000","50,000","1,705,285","5,000"
871,20190810,2,6,12,26,30,34,38,"79,527,502,000",7,"2,718,071,358",61,"51,984,972","2,231","1,421,374","108,666","50,000","1,792,357","5,000"
872,20190817,2,4,30,32,33,43,29,"81,002,518,000",16,"1,262,705,579",46,"73,200,324","2,018","1,668,591","99,681","50,000","1,715,898","5,000"
873,20190824,3,5,12,13,33,39,38,"82,375,586,000",10,"1,874,553,225",68,"45,944,932","2,375","1,315,476","123,684","50,000","2,001,910","5,000"
874,20190831,1,15,19,23,28,42,32,"82,990,138,000",18,"1,117,123,917",68,"49,284,879","2,240","1,496,149","110,655","50,000","1,830,269","5,000"
875,20190907,19,22,30,34,39,44,36,"80,635,281,000",14,"1,415,946,724",33,"100,117,446","2,278","1,450,341","105,071","50,000","1,726,617","5,000"
876,20190914,5,16,21,26,34,42,24,"85,088,368,000",19,"1,090,657,856",59,"58,538,134","2,427","1,423,054","112,619","50,000","1,856,647","5,000"
877,20190921,5,17,18,22,23,43,12,"84,584,730,000",12,"1,716,607,188",75,"45,776,192","2,167","1,584,317","109,806","50,000","1,867,270","5,000"
878,20190928,2,6,11,16,25,31,3,"84,183,676,000",6,"3,207,993,500",69,"46,492,660","2,971","1,079,769","129,139","50,000","1,994,188","5,000"
879,20191005,1,4,10,14,15,35,20,"83,174,251,000",6,"3,206,361,313",77,"41,641,057","2,594","1,236,069","123,497","50,000","1,952,277","5,000"
880,20191012,7,17,19,23,24,45,38,"83,862,502,000",7,"2,837,810,465",52,"63,668,825","2,332","1,419,717","114,994","50,000","1,939,064","5,000"
881,20191019,4,18,20,26,27,32,9,"84,495,552,000",8,"2,503,212,282",67,"49,815,170","2,189","1,524,722","116,952","50,000","1,939,849","5,000"
882,20191026,18,34,39,43,44,45,23,"84,351,602,000",5,"4,127,270,400",44,"78,168,000","2,082","1,651,966","109,226","50,000","1,839,873","5,000"
883,20191102,9,18,32,33,37,44,22,"85,624,171,000",15,"1,360,519,525",65,"52,327,675","2,538","1,340,150","119,613","50,000","1,924,209","5,000"
884,20191109,4,14,23,28,37,45,17,"86,554,613,000",12,"1,799,077,282",74,"48,623,711","2,207","1,630,338","108,076","50,000","1,817,654","5,000"
885,20191116,1,3,24,27,39,45,31,"83,396,319,000",13,"1,543,832,568",56,"59,731,618","2,279","1,467,737","111,832","50,000","1,869,359","5,000"
886,20191123,19,23,28,37,42,45,2,"84,186,094,000",7,"2,974,643,786",59,"58,820,640","2,140","1,621,691","109,766","50,000","1,768,281","5,000"
887,20191130,8,14,17,27,36,45,10,"84,416,872,000",8,"2,535,268,688",66,"51,217,550","2,388","1,415,561","114,719","50,000","1,885,924","5,000"
888,20191207,3,7,12,31,34,38,32,"82,777,313,000",8,"2,370,359,204",59,"53,567,440","2,453","1,288,414","123,025","50,000","1,990,715","5,000"
889,20191214,3,13,29,38,39,42,26,"86,734,222,000",10,"2,108,986,950",60,"58,582,971","2,338","1,503,413","114,198","50,000","1,907,477","5,000"
890,20191221,1,4,14,18,29,37,6,"86,693,498,000",9,"2,335,486,167",58,"60,400,505","2,376","1,474,424","114,859","50,000","1,915,593","5,000"
891,20191228,9,13,28,31,39,41,19,"89,742,677,000",7,"3,082,673,947",77,"46,707,182","2,443","1,472,147","122,132","50,000","1,998,623","5,000"
892,20200104,4,9,17,18,26,42,36,"93,091,115,000",17,"1,282,017,464",78,"46,569,011","2,709","1,340,858","134,155","50,000","2,155,749","5,000"
893,20200111,1,15,17,23,25,41,10,"87,661,567,000",9,"2,377,433,625",58,"61,485,353","2,113","1,687,720","116,062","50,000","1,899,696","5,000"
894,20200118,19,32,37,40,41,43,45,"88,465,183,000",9,"2,377,935,959",56,"63,694,714","2,331","1,530,204","116,749","50,000","1,971,982","5,000"
895,20200125,16,26,31,38,39,41,23,"96,962,255,000",12,"1,928,079,219",58,"66,485,491","2,750","1,402,240","134,059","50,000","2,185,782","5,000"
896,20200201,5,12,25,26,38,45,23,"90,461,998,000",7,"3,053,222,036",46,"77,436,791","2,586","1,377,453","128,068","50,000","2,066,172","5,000"
897,20200208,6,7,12,22,26,36,29,"88,231,474,000",13,"1,619,922,520",62,"56,610,196","2,398","1,463,650","121,076","50,000","1,996,656","5,000"
898,20200215,18,21,28,35,37,42,17,"90,067,839,000",8,"2,639,313,235",56,"62,840,792","3,240","1,086,138","137,051","50,000","2,005,739","5,000"
899,20200222,8,19,20,21,33,39,37,"85,877,347,000",6,"3,359,356,063",53,"63,384,077","2,402","1,398,567","121,900","50,000","1,993,765","5,000"
900,20200229,7,13,16,18,35,38,14,"83,639,372,000",6,"3,349,851,375",51,"65,683,361","2,385","1,404,550","113,132","50,000","1,872,855","5,000"
901,20200307,5,18,20,23,30,34,21,"84,783,962,000",9,"2,267,974,667",67,"50,775,553","2,308","1,473,987","114,451","50,000","1,890,747","5,000"
902,20200314,7,19,23,24,36,39,30,"87,501,981,000",13,"1,619,317,529",67,"52,365,990","2,372","1,479,141","119,126","50,000","1,945,304","5,000"
903,20200321,2,15,16,21,22,28,45,"88,625,160,000",13,"1,684,582,212",49,"74,488,330","2,316","1,575,963","111,981","50,000","1,902,821","5,000"
904,20200328,2,6,8,26,43,45,11,"88,938,220,000",8,"2,718,077,813",92,"39,392,433","2,337","1,550,751","115,626","50,000","1,938,996","5,000"
905,20200404,3,4,16,27,38,40,20,"90,357,634,000",7,"3,017,862,536",77,"45,725,190","2,643","1,332,138","129,133","50,000","2,111,090","5,000"
906,20200411,2,5,14,28,31,32,20,"90,948,274,000",9,"2,472,607,250",63,"58,871,602","2,369","1,565,602","117,171","50,000","1,988,860","5,000"
907,20200418,21,27,29,38,40,44,37,"89,331,282,000",7,"3,165,059,036",67,"55,112,969","2,300","1,605,465","112,189","50,000","1,903,128","5,000"
908,20200425,3,16,21,22,23,44,30,"89,923,601,000",8,"2,834,856,141",57,"66,312,425","2,161","1,749,102","108,610","50,000","1,858,567","5,000"
909,20200502,7,24,29,30,34,35,33,"89,543,261,000",11,"2,021,062,875",63,"58,814,000","2,316","1,599,863","111,558","50,000","1,910,295","5,000"
910,20200509,1,11,17,27,35,39,31,"86,308,857,000",21,"941,316,375",72,"45,758,435","2,694","1,222,943","128,516","50,000","2,074,354","5,000"
911,20200516,4,5,12,14,32,42,35,"89,332,410,000",10,"2,113,538,625",58,"60,733,869","2,571","1,370,115","123,236","50,000","2,064,778","5,000"
912,20200523,5,8,18,21,22,38,10,"88,599,155,000",14,"1,493,500,581",70,"49,783,353","2,547","1,368,212","125,332","50,000","2,030,860","5,000"
913,20200530,6,14,16,21,27,37,40,"89,336,949,000",16,"1,338,755,602",66,"54,091,136","2,467","1,447,108","122,530","50,000","1,996,371","5,000"
914,20200606,16,19,24,33,42,44,27,"89,558,503,000",11,"1,950,005,557",55,"65,000,186","2,585","1,382,983","122,904","50,000","2,006,794","5,000"
915,20200613,2,6,11,13,22,37,14,"87,862,418,000",6,"3,518,640,500",63,"55,851,437","2,436","1,444,434","119,025","50,000","1,966,167","5,000"
916,20200620,6,21,22,32,35,36,17,"89,133,044,000",11,"2,025,384,341",70,"53,045,781","2,184","1,700,186","111,426","50,000","1,857,917","5,000"
917,20200627,1,3,23,24,27,43,34,"88,950,867,000",10,"2,144,799,638",47,"76,056,725","2,260","1,581,711","117,542","50,000","2,000,201","5,000"
918,20200704,7,11,12,31,33,38,5,"89,200,857,000",18,"1,117,622,646",86,"38,986,837","2,718","1,233,580","137,216","50,000","2,183,337","5,000"
919,20200711,9,14,17,18,42,44,35,"90,218,056,000",5,"4,305,150,450",56,"64,064,739","2,541","1,411,896","122,864","50,000","2,052,965","5,000"
920,20200718,2,3,26,33,34,43,29,"89,805,177,000",7,"3,120,260,197",53,"68,684,973","2,348","1,550,385","117,181","50,000","1,984,222","5,000"
921,20200725,5,7,12,22,28,41,1,"89,888,341,000",17,"1,232,573,405",72,"48,504,047","2,682","1,302,123","129,993","50,000","2,101,238","5,000"
922,20200801,2,6,13,17,27,43,36,"89,266,682,000",6,"3,417,904,500",89,"38,403,422","2,876","1,188,423","136,052","50,000","2,097,501","5,000"
923,20200808,3,17,18,23,36,41,26,"87,867,402,000",8,"2,667,554,625",56,"63,513,206","2,376","1,496,945","115,877","50,000","1,937,187","5,000"
924,20200815,3,11,34,42,43,44,13,"87,708,256,000",9,"2,382,430,667",69,"51,791,972","2,198","1,625,863","113,214","50,000","1,920,852","5,000"
925,20200822,13,24,32,34,39,42,4,"87,901,067,000",12,"1,771,080,532",68,"52,090,604","2,335","1,516,986","117,863","50,000","1,944,019","5,000"
926,20200829,10,16,18,20,25,31,6,"88,372,251,000",10,"2,032,490,663",72,"47,048,395","2,923","1,158,907","133,167","50,000","2,085,580","5,000"
927,20200905,4,15,22,38,41,43,26,"91,067,752,000",6,"3,714,203,875",63,"58,955,618","2,331","1,593,396","118,446","50,000","1,979,589","5,000"
928,20200912,3,4,10,20,28,44,30,"90,818,982,000",7,"3,134,591,358",81,"45,148,436","2,639","1,385,761","121,873","50,000","2,011,931","5,000"
929,20200919,7,9,12,15,19,23,4,"92,344,620,000",16,"1,308,035,157",91,"38,330,701","3,028","1,151,947","140,880","50,000","2,244,712","5,000"
930,20200926,8,21,25,38,39,44,28,"94,518,415,000",8,"2,832,418,829",55,"68,664,699","2,776","1,360,432","128,480","50,000","2,124,548","5,000"
931,20201003,14,15,23,25,35,43,32,"95,695,802,000",8,"2,957,108,063",54,"73,015,014","2,596","1,518,803","121,943","50,000","2,041,653","5,000"
932,20201010,1,6,15,36,37,38,5,"96,049,289,000",7,"3,390,022,983",64,"61,797,294","2,420","1,634,309","120,969","50,000","2,067,196","5,000"
933,20201017,23,27,29,31,36,45,37,"93,484,851,000",8,"2,927,797,079",63,"61,963,960","2,215","1,762,407","114,043","50,000","1,962,088","5,000"
934,20201024,1,3,30,33,36,39,12,"93,028,347,000",4,"5,765,772,844",66,"58,240,130","2,359","1,629,440","116,726","50,000","1,985,417","5,000"
935,20201031,4,10,20,32,38,44,18,"93,934,898,000",13,"1,711,055,424",120,"30,894,057","2,933","1,263,992","134,376","50,000","2,118,071","5,000"
936,20201107,7,11,13,17,18,29,43,"92,246,146,000",14,"1,492,069,179",77,"45,214,218","2,864","1,215,606","140,160","50,000","2,252,623","5,000"
937,20201114,2,10,13,22,29,40,26,"93,720,454,000",11,"2,058,420,819",57,"66,206,518","2,480","1,521,683","124,141","50,000","2,092,601","5,000"
938,20201121,4,8,10,16,31,36,9,"93,452,425,000",10,"2,249,466,563",64,"58,579,859","2,531","1,481,277","124,971","50,000","2,096,955","5,000"
939,20201128,4,11,28,39,42,45,6,"93,340,002,000",13,"1,708,363,039",67,"55,245,571","2,682","1,380,110","128,408","50,000","2,127,595","5,000"
940,20201205,3,15,20,22,24,41,11,"93,920,183,000",8,"2,846,071,079",51,"74,407,088","2,329","1,629,353","123,292","50,000","2,087,480","5,000"
941,20201212,12,14,25,27,39,40,35,"94,867,600,000",16,"1,347,297,422",87,"41,296,473","3,275","1,097,037","145,544","50,000","2,282,851","5,000"
942,20201219,10,12,18,35,42,43,39,"92,731,965,000",6,"3,761,680,313",52,"72,340,007","2,473","1,521,101","120,907","50,000","2,045,438","5,000"
943,20201226,1,8,13,36,44,45,39,"100,081,432,000",7,"3,435,045,108",74,"54,156,117","2,722","1,472,283","135,763","50,000","2,238,429","5,000"
944,20210102,2,13,16,19,32,33,42,"107,181,377,000",13,"1,961,836,356",79,"53,805,639","3,057","1,390,464","147,665","50,000","2,440,455","5,000"
945,20210109,9,10,15,30,33,37,26,"94,837,109,000",13,"1,765,554,491",71,"53,878,424","2,490","1,536,293","124,224","50,000","2,120,882","5,000"
946,20210116,9,18,19,30,34,40,20,"99,380,178,000",11,"2,157,656,182",71,"55,714,127","2,949","1,341,371","138,433","50,000","2,224,563","5,000"
947,20210123,3,8,17,20,27,35,26,"99,449,916,000",18,"1,275,855,750",58,"65,992,539","3,182","1,202,881","146,908","50,000","2,351,804","5,000"
948,20210130,13,18,30,31,38,41,5,"100,519,459,000",11,"2,188,548,716",90,"44,581,548","2,905","1,381,184","137,929","50,000","2,252,913","5,000"
949,20210206,14,21,35,36,40,44,30,"100,518,909,000",10,"2,458,569,713",65,"63,040,250","2,594","1,579,652","130,363","50,000","2,192,075","5,000"
950,20210213,3,4,15,22,28,40,10,"108,870,714,000",8,"3,281,920,500",67,"65,311,851","2,886","1,516,249","146,270","50,000","2,422,941","5,000"
951,20210220,2,12,30,31,39,43,38,"102,937,006,000",14,"1,747,552,661",72,"56,633,652","2,907","1,402,692","142,335","50,000","2,346,154","5,000"
952,20210227,4,12,22,24,33,41,38,"102,355,646,000",9,"2,713,699,834",93,"43,769,353","3,039","1,339,438","141,776","50,000","2,304,925","5,000"
953,20210306,7,9,22,27,37,42,34,"99,180,891,000",14,"1,640,636,009",102,"37,530,890","3,273","1,169,616","146,120","50,000","2,331,848","5,000"
954,20210313,1,9,26,28,30,41,32,"101,455,314,000",10,"2,478,795,900",64,"64,551,977","2,657","1,554,884","132,057","50,000","2,214,839","5,000"
955,20210320,4,9,23,26,29,33,8,"99,784,736,000",12,"2,023,170,188",71,"56,990,710","2,650","1,526,921","130,744","50,000","2,196,889","5,000"
956,20210327,10,11,20,21,25,41,40,"97,065,255,000",11,"2,022,982,671",136,"27,270,600","3,053","1,214,806","144,650","50,000","2,325,943","5,000"
957,20210403,4,15,24,35,36,40,1,"96,654,698,000",11,"2,126,634,137",61,"63,915,234","2,835","1,375,249","129,545","50,000","2,131,893","5,000"
958,20210410,2,9,10,16,35,37,1,"98,635,947,000",15,"1,596,119,675",67,"59,556,705","2,470","1,615,506","131,097","50,000","2,168,146","5,000"
959,20210417,1,14,15,24,40,41,35,"97,435,835,000",8,"3,015,312,891",75,"53,605,563","2,502","1,606,882","123,802","50,000","2,072,896","5,000"
960,20210424,2,18,24,30,32,45,14,"98,784,879,000",10,"2,401,133,213",56,"71,462,298","2,569","1,557,762","129,546","50,000","2,180,006","5,000"
961,20210501,11,20,29,31,33,42,43,"97,153,309,000",9,"2,575,231,209",73,"52,915,710","2,716","1,422,256","133,764","50,000","2,197,136","5,000"
962,20210508,1,18,28,31,34,43,40,"95,956,365,000",12,"1,940,906,094",73,"53,175,510","2,581","1,503,996","126,528","50,000","2,119,457","5,000"
963,20210515,6,12,19,23,34,42,35,"95,452,215,000",15,"1,476,478,125",68,"54,282,285","3,137","1,176,665","141,987","50,000","2,219,439","5,000"
964,20210522,6,21,36,38,39,43,30,"95,549,895,000",10,"2,345,861,063",52,"75,187,855","2,447","1,597,781","123,780","50,000","2,061,560","5,000"
965,20210529,2,13,25,28,29,36,34,"96,174,650,000",7,"3,403,348,929",46,"86,316,821","2,389","1,662,024","122,129","50,000","2,043,257","5,000"
966,20210605,1,21,25,29,34,37,36,"95,640,447,000",10,"2,411,303,513",50,"80,376,784","2,352","1,708,691","115,370","50,000","1,980,202","5,000"
967,20210612,1,6,13,37,38,40,9,"94,515,565,000",4,"5,809,776,094",69,"56,133,103","2,475","1,564,923","121,200","50,000","2,042,462","5,000"
968,20210619,2,5,12,14,24,39,33,"95,924,229,000",13,"1,667,729,683",97,"37,251,694","3,116","1,159,633","148,150","50,000","2,329,460","5,000"
969,20210626,3,9,10,29,40,45,7,"96,728,751,000",20,"1,149,427,894",56,"68,418,328","2,633","1,455,157","133,079","50,000","2,211,803","5,000"
970,20210703,9,11,16,21,28,36,5,"93,268,371,000",14,"1,611,544,045",87,"43,221,488","2,479","1,516,850","124,923","50,000","2,061,176","5,000"
971,20210710,2,6,17,18,21,26,7,"94,471,924,000",6,"3,725,880,250",62,"60,094,843","2,685","1,387,665","131,409","50,000","2,171,694","5,000"
972,20210717,3,6,17,23,37,39,26,"93,916,813,000",20,"1,124,886,244",80,"46,870,261","2,570","1,458,997","126,989","50,000","2,122,398","5,000"
973,20210724,22,26,31,37,41,42,24,"93,953,872,000",8,"2,912,742,750",42,"92,468,024","2,257","1,720,717","117,757","50,000","2,003,966","5,000"
974,20210731,1,2,11,16,39,44,32,"94,146,055,000",17,"1,317,034,523",66,"56,539,361","2,636","1,415,629","129,473","50,000","2,149,319","5,000"
975,20210807,7,8,9,17,22,24,5,"94,253,719,000",9,"2,440,410,375",61,"60,010,092","2,828","1,294,419","135,604","50,000","2,212,347","5,000"
976,20210814,4,12,14,25,35,37,2,"97,492,178,000",7,"3,243,867,215",69,"54,847,997","3,085","1,226,747","142,375","50,000","2,270,249","5,000"
977,20210821,2,9,10,14,22,44,16,"95,895,844,000",14,"1,669,905,911",82,"47,517,648","2,474","1,574,959","125,781","50,000","2,097,459","5,000"
978,20210828,1,7,15,32,34,42,8,"98,855,197,000",10,"2,373,391,388",70,"56,509,319","2,826","1,399,736","133,915","50,000","2,217,326","5,000"
979,20210904,7,11,16,21,27,33,24,"99,507,886,000",14,"1,606,400,518",79,"47,446,429","3,414","1,097,911","154,980","50,000","2,403,760","5,000"
980,20210911,3,13,16,23,24,35,14,"99,593,380,000",7,"3,409,443,215",70,"56,824,054","2,819","1,411,027","135,751","50,000","2,237,534","5,000"
981,20210918,27,36,37,41,43,45,32,"105,645,424,000",13,"1,992,863,193",65,"66,428,774","2,824","1,528,991","136,630","50,000","2,289,650","5,000"
982,20210925,5,7,13,20,21,44,33,"101,344,251,000",8,"3,023,630,672",81,"49,771,699","2,931","1,375,472","139,208","50,000","2,291,933","5,000"
983,20211002,13,23,26,31,35,43,15,"101,899,006,000",10,"2,503,422,225",78,"53,491,928","2,640","1,580,444","131,780","50,000","2,196,308","5,000"
984,20211009,3,10,23,35,36,37,18,"98,762,367,000",7,"3,453,006,268",64,"62,945,427","2,596","1,551,814","128,129","50,000","2,149,335","5,000"
985,20211016,17,21,23,30,34,44,19,"98,811,446,000",10,"2,434,752,975",62,"65,450,349","2,581","1,572,229","126,523","50,000","2,123,240","5,000"
986,20211023,7,10,16,28,41,42,40,"99,041,240,000",10,"2,375,275,125",70,"56,554,170","2,793","1,417,398","133,889","50,000","2,231,167","5,000"
987,20211030,2,4,15,23,29,38,7,"100,269,530,000",10,"2,378,711,625",73,"54,308,485","2,968","1,335,755","140,004","50,000","2,283,682","5,000"
988,20211106,2,13,20,30,31,41,27,"98,606,195,000",9,"2,678,489,375",61,"65,864,493","2,663","1,508,725","129,322","50,000","2,139,025","5,000"
989,20211113,17,18,21,27,29,33,26,"96,525,658,000",4,"5,826,768,563",63,"61,658,927","2,444","1,589,408","127,891","50,000","2,158,436","5,000"
990,20211120,2,4,25,26,36,37,28,"99,567,047,000",14,"1,740,095,277",56,"72,503,970","2,858","1,420,652","129,113","50,000","2,169,219","5,000"
991,20211127,13,18,25,31,33,44,38,"98,026,282,000",8,"2,904,166,032",110,"35,202,013","2,969","1,304,218","138,068","50,000","2,226,394","5,000"
992,20211204,12,20,26,33,44,45,24,"97,066,498,000",12,"1,986,955,563",58,"68,515,710","2,373","1,674,636","124,311","50,000","2,105,282","5,000"
993,20211211,6,14,16,18,24,42,44,"99,323,653,000",6,"3,991,197,063",70,"57,017,101","2,732","1,460,907","132,583","50,000","2,220,620","5,000"
994,20211218,1,3,8,24,27,35,28,"95,530,936,000",12,"1,861,582,063",70,"53,188,059","2,803","1,328,279","137,937","50,000","2,216,661","5,000"
995,20211225,1,4,13,29,38,39,7,"100,878,455,000",7,"3,447,271,875",69,"58,287,206","2,793","1,439,964","138,372","50,000","2,269,218","5,000"
996,20220101,6,11,15,24,32,39,28,"112,624,327,000",18,"1,491,185,771",86,"52,018,109","3,313","1,350,305","155,856","50,000","2,546,181","5,000"
997,20220108,4,7,14,16,24,44,20,"102,431,961,000",19,"1,253,749,560",85,"46,708,317","3,692","1,075,354","155,887","50,000","2,331,995","5,000"
998,20220115,13,17,18,20,42,45,41,"101,681,869,000",12,"2,076,499,657",53,"78,358,478","2,648","1,568,354","129,576","50,000","2,227,628","5,000"
999,20220122,1,3,9,14,18,28,34,"102,581,351,000",16,"1,513,274,790",67,"60,229,843","2,943","1,371,186","143,217","50,000","2,369,326","5,000"
1000,20220129,2,8,19,22,32,42,39,"118,628,811,000",22,"1,246,819,620",109,"41,941,945","4,018","1,137,798","180,052","50,000","2,747,686","5,000"
1001,20220205,6,10,12,14,20,42,15,"103,967,487,000",12,"2,077,279,594",66,"62,947,867","2,761","1,504,730","140,255","50,000","2,346,904","5,000"
1002,20220212,17,25,33,35,38,45,15,"105,795,484,000",8,"3,088,449,563",85,"48,446,268","3,193","1,289,676","155,418","50,000","2,436,676","5,000"
1003,20220219,1,4,29,39,43,45,31,"103,479,378,000",14,"1,811,116,822",66,"64,029,383","2,649","1,595,297","133,896","50,000","2,247,475","5,000"
1004,20220226,7,15,30,37,39,44,18,"106,112,471,000",10,"2,576,251,913",68,"63,143,430","2,785","1,541,743","140,047","50,000","2,340,772","5,000"
1005,20220305,8,13,18,24,27,29,17,"103,755,249,000",12,"2,061,199,344",84,"49,076,175","2,798","1,473,338","143,067","50,000","2,349,017","5,000"
1006,20220312,8,11,15,16,17,37,36,"104,542,431,000",9,"2,855,602,125",65,"65,898,511","2,487","1,722,318","131,234","50,000","2,288,458","5,000"
1007,20220319,8,11,16,19,21,25,40,"101,530,003,000",9,"2,718,786,375",70,"58,259,709","2,844","1,433,960","137,134","50,000","2,256,573","5,000"
1008,20220326,9,11,30,31,41,44,33,"103,727,042,000",11,"2,267,377,910",97,"42,854,222","2,826","1,470,935","141,072","50,000","2,311,009","5,000"
1009,20220402,15,23,29,34,40,44,20,"103,771,363,000",15,"1,702,462,825",69,"61,683,436","2,632","1,617,081","133,476","50,000","2,232,525","5,000"
1010,20220409,9,12,15,25,34,36,3,"103,011,505,000",8,"3,119,380,079",66,"63,017,780","2,781","1,495,568","136,828","50,000","2,278,193","5,000"
1011,20220416,1,9,12,26,35,38,42,"101,799,373,000",11,"2,220,348,512",76,"53,561,039","2,818","1,444,514","137,485","50,000","2,292,065","5,000"
1012,20220423,5,11,18,20,35,45,3,"101,948,323,000",13,"1,861,944,318",76,"53,081,746","2,882","1,399,797","141,514","50,000","2,324,952","5,000"
1013,20220430,21,22,26,34,36,41,32,"101,747,653,000",5,"5,047,570,725",79,"53,244,417","2,586","1,626,570","128,697","50,000","2,157,701","5,000"
1014,20220507,3,11,14,18,26,27,21,"102,396,369,000",10,"2,410,449,338",69,"58,223,414","2,849","1,410,115","143,906","50,000","2,372,712","5,000"
1015,20220514,14,23,31,33,37,40,44,"102,562,683,000",8,"3,051,105,610",102,"39,883,734","2,880","1,412,549","144,321","50,000","2,304,033","5,000"
1016,20220521,15,26,28,34,41,42,44,"101,583,153,000",11,"2,260,660,671",68,"60,949,185","2,686","1,543,018","132,413","50,000","2,202,914","5,000"
1017,20220528,12,18,22,23,30,34,32,"101,382,790,000",7,"3,517,684,822",70,"58,628,081","2,596","1,580,881","133,621","50,000","2,235,724","5,000"
1018,20220604,3,19,21,25,37,45,35,"101,151,805,000",2,"12,361,744,688",62,"66,460,993","2,693","1,530,109","130,602","50,000","2,216,230","5,000"
1019,20220611,1,4,13,17,34,39,6,"102,804,882,000",50,"438,565,140",75,"48,729,460","5,823","627,634","192,646","50,000","2,506,493","5,000"
1020,20220618,12,27,29,38,41,45,6,"104,996,396,000",13,"1,966,431,520",77,"55,332,489","2,817","1,512,461","138,221","50,000","2,300,467","5,000"
1021,20220625,12,15,17,24,29,45,16,"101,960,162,000",12,"2,108,962,250",56,"75,320,081","2,461","1,713,907","126,484","50,000","2,182,497","5,000"
1022,20220702,5,6,11,29,42,45,28,"99,233,031,000",5,"4,866,468,075",63,"64,371,271","2,580","1,571,857","127,962","50,000","2,155,059","5,000"
1023,20220709,10,14,16,18,29,35,25,"100,399,659,000",9,"2,745,677,875",72,"57,201,623","2,506","1,643,463","127,810","50,000","2,172,239","5,000"
1024,20220716,9,18,20,22,38,44,10,"100,081,038,000",8,"3,020,323,500",63,"63,922,191","2,616","1,539,411","134,065","50,000","2,224,097","5,000"
1025,20220723,8,9,20,25,29,33,7,"101,318,529,000",4,"6,118,853,344",69,"59,119,356","2,671","1,527,232","134,665","50,000","2,258,426","5,000"
1026,20220730,5,12,13,31,32,41,34,"101,556,379,000",15,"1,619,118,475",76,"53,260,477","2,786","1,452,907","138,907","50,000","2,290,094","5,000"
1027,20220806,14,16,27,35,39,45,5,"101,195,159,000",10,"2,460,504,338",83,"49,407,718","2,700","1,518,830","134,097","50,000","2,217,201","5,000"
1028,20220813,5,7,12,13,18,35,23,"100,613,537,000",20,"1,181,235,132",91,"43,268,687","2,810","1,401,228","142,778","50,000","2,333,653","5,000"
1029,20220820,12,30,32,37,39,41,24,"101,336,312,000",10,"2,527,848,450",62,"67,952,916","2,614","1,611,738","125,573","50,000","2,136,972","5,000"
1030,20220827,2,5,11,17,24,29,9,"104,899,923,000",19,"1,276,406,507",104,"38,864,942","3,278","1,233,055","154,929","50,000","2,473,576","5,000"
1031,20220903,6,7,22,32,35,36,19,"104,316,078,000",8,"3,213,957,563",64,"66,957,450","2,789","1,536,493","132,815","50,000","2,247,015","5,000"
1032,20220910,1,6,12,19,36,42,28,"110,907,011,000",10,"2,675,257,538",90,"49,541,807","3,078","1,448,591","149,807","50,000","2,458,611","5,000"
1033,20220917,3,11,15,20,35,44,10,"104,642,258,000",13,"1,913,414,943",79,"52,477,625","3,083","1,344,708","145,505","50,000","2,376,004","5,000"
1034,20220924,26,31,32,33,38,40,11,"107,150,089,000",9,"2,868,856,209",66,"65,201,278","2,898","1,484,916","142,939","50,000","2,400,364","5,000"
1035,20221001,9,14,34,35,41,42,2,"106,759,523,000",8,"3,231,193,735",71,"60,679,695","2,848","1,512,732","141,624","50,000","2,366,499","5,000"
1036,20221008,2,5,22,32,34,45,39,"103,753,936,000",9,"2,837,323,167",64,"66,499,762","2,593","1,641,337","133,443","50,000","2,231,388","5,000"
1037,20221015,2,14,15,22,27,33,31,"104,840,173,000",15,"1,708,576,825",78,"54,762,078","2,713","1,574,435","137,021","50,000","2,279,500","5,000"
1038,20221022,7,16,24,27,37,44,2,"104,932,409,000",15,"1,627,457,225",77,"52,839,521","3,364","1,209,466","154,690","50,000","2,436,512","5,000"
1039,20221029,2,3,6,19,36,39,26,"105,259,066,000",16,"1,585,019,672",80,"52,833,990","2,773","1,524,241","140,403","50,000","2,359,126","5,000"
1040,20221105,8,16,26,29,31,36,11,"104,007,239,000",7,"3,660,482,625",63,"67,786,716","2,583","1,653,335","133,245","50,000","2,235,373","5,000"
1041,20221112,6,7,9,11,17,18,45,"105,301,601,000",25,"935,091,165",85,"45,837,803","3,947","987,133","167,535","50,000","2,620,869","5,000"
1042,20221119,5,14,15,23,34,43,4,"106,510,259,000",20,"1,240,663,669",100,"41,355,456","3,567","1,159,391","157,156","50,000","2,462,593","5,000"
1043,20221126,3,5,12,22,26,31,19,"107,045,942,000",17,"1,468,646,956",86,"48,385,656","3,156","1,318,494","155,087","50,000","2,495,858","5,000"
1044,20221203,12,17,20,26,28,36,4,"102,891,973,000",8,"3,136,941,235",72,"58,091,505","2,597","1,610,547","134,226","50,000","2,254,796","5,000"
1045,20221210,6,14,15,19,21,41,37,"105,380,282,000",13,"1,990,060,443",67,"64,355,189","2,699","1,597,554","135,872","50,000","2,280,432","5,000"
1046,20221217,7,16,25,29,35,36,28,"100,923,993,000",12,"2,011,415,719",57,"70,575,991","2,959","1,359,524","139,560","50,000","2,260,269","5,000"
1047,20221224,2,20,33,40,42,44,32,"103,058,179,000",9,"2,748,797,875",83,"49,677,071","2,728","1,511,436","139,530","50,000","2,313,403","5,000"
1048,20221231,6,12,17,21,32,39,30,"117,323,901,000",17,"1,612,494,508",102,"44,791,515","3,817","1,196,944","170,086","50,000","2,721,555","5,000"
1049,20230107,3,5,13,20,21,37,17,"108,444,724,000",15,"1,727,810,100",89,"48,533,992","2,968","1,455,366","147,061","50,000","2,462,622","5,000"
1050,20230114,6,12,31,35,38,43,17,"108,072,602,000",17,"1,535,083,280",70,"62,134,324","2,866","1,517,587","144,610","50,000","2,402,116","5,000"
1051,20230121,21,26,30,32,33,35,44,"119,243,907,000",18,"1,669,558,480",70,"71,552,507","2,824","1,773,611","143,314","50,000","2,477,370","5,000"
1052,20230128,5,17,26,27,35,38,1,"107,565,461,000",11,"2,341,682,762",108,"39,750,788","2,926","1,467,220","148,178","50,000","2,405,830","5,000"
1053,20230204,22,26,29,30,34,45,15,"113,721,665,000",7,"4,090,367,411",64,"74,563,990","2,702","1,766,135","136,905","50,000","2,367,764","5,000"
1054,20230211,14,19,27,28,30,45,33,"113,660,567,000",9,"3,147,925,709",66,"71,543,767","2,714","1,739,827","140,308","50,000","2,407,955","5,000"
1055,20230218,4,7,12,14,22,33,31,"112,488,256,000",11,"2,362,815,205",92,"47,085,086","3,413","1,269,215","165,590","50,000","2,662,001","5,000"
1056,20230225,13,20,24,32,36,45,29,"113,279,615,000",14,"1,969,662,456",81,"56,739,248","3,223","1,425,964","150,996","50,000","2,464,595","5,000"
1057,20230304,8,13,19,27,40,45,12,"112,523,887,000",17,"1,616,069,714",664,"6,895,880","2,962","1,545,870","146,471","50,000","2,461,496","5,000"
1058,20230311,11,23,25,30,32,40,42,"112,041,382,000",13,"2,058,020,250",60,"74,317,398","3,074","1,450,568","152,446","50,000","2,545,208","5,000"
1059,20230318,7,10,22,25,34,40,27,"110,846,824,000",13,"2,033,168,481",83,"53,074,680","3,127","1,408,762","151,941","50,000","2,516,955","5,000"
1060,20230325,3,10,24,33,38,45,36,"110,677,185,000",28,"898,238,907",96,"43,664,392","4,593","912,646","179,475","50,000","2,566,118","5,000"
1061,20230401,4,24,27,35,37,45,15,"109,909,344,000",11,"2,422,768,773",99,"44,866,089","3,003","1,479,102","145,857","50,000","2,425,576","5,000"
1062,20230408,20,31,32,40,41,45,12,"107,109,911,000",7,"3,801,933,804",68,"65,229,257","2,668","1,662,515","133,599","50,000","2,278,058","5,000"
1063,20230415,3,6,22,23,24,38,30,"108,347,135,000",7,"3,770,311,875",55,"79,976,313","2,706","1,625,535","139,518","50,000","2,401,618","5,000"
1064,20230422,3,6,9,18,22,35,14,"109,427,584,000",19,"1,348,168,106",62,"68,858,049","3,296","1,295,267","158,665","50,000","2,525,390","5,000"
1065,20230429,3,18,19,23,32,45,24,"108,181,727,000",14,"1,852,593,938",74,"58,415,125","3,117","1,386,821","148,561","50,000","2,416,212","5,000"
1066,20230506,6,11,16,19,21,32,45,"106,440,950,000",15,"1,670,947,250",88,"47,470,093","3,323","1,257,108","152,826","50,000","2,432,046","5,000"
1067,20230513,7,10,19,23,28,33,18,"110,703,299,000",13,"1,981,114,010",82,"52,346,509","3,679","1,166,734","163,488","50,000","2,567,588","5,000"
1068,20230520,4,7,19,26,33,35,3,"108,988,932,000",19,"1,363,929,514",87,"49,644,944","3,114","1,386,998","150,789","50,000","2,480,427","5,000"
1069,20230527,1,10,18,22,28,31,44,"108,388,892,000",14,"1,863,217,554",79,"55,031,743","3,006","1,446,277","146,335","50,000","2,419,527","5,000"
1070,20230603,3,6,14,22,30,41,36,"107,222,802,000",14,"1,859,116,929",63,"68,856,183","2,938","1,476,495","142,759","50,000","2,353,987","5,000"
1071,20230610,1,2,11,21,30,35,39,"107,362,630,000",5,"5,183,979,750",83,"52,047,990","2,891","1,494,287","143,234","50,000","2,391,950","5,000"
1072,20230617,16,18,20,23,32,43,27,"108,156,654,000",12,"2,175,006,375",93,"46,774,331","2,872","1,514,629","145,504","50,000","2,400,605","5,000"
1073,20230624,6,18,28,30,32,38,15,"107,352,123,000",11,"2,345,227,603",62,"69,348,129","2,994","1,436,067","146,834","50,000","2,387,538","5,000"
1074,20230701,1,6,20,27,28,41,15,"105,744,157,000",12,"2,134,763,657",78,"54,737,530","2,711","1,574,891","143,155","50,000","2,311,622","5,000"
1075,20230708,1,23,24,35,44,45,10,"105,635,232,000",9,"2,896,337,167",160,"27,153,161","2,750","1,579,821","134,529","50,000","2,267,024","5,000"
1076,20230715,3,7,9,33,36,37,10,"103,168,694,000",9,"2,672,689,750",86,"46,616,682","3,109","1,289,494","148,521","50,000","2,417,204","5,000"
1077,20230722,4,8,17,30,40,43,34,"105,927,489,000",7,"3,570,901,018",98,"42,510,727","3,235","1,287,806","149,808","50,000","2,428,987","5,000"
1078,20230729,6,10,11,14,36,38,43,"105,407,618,000",12,"2,141,604,938",77,"55,626,103","2,691","1,591,680","135,352","50,000","2,334,106","5,000"
1079,20230805,4,8,18,24,37,45,6,"103,120,206,000",9,"2,712,329,417",85,"47,864,637","3,212","1,266,655","145,773","50,000","2,344,700","5,000"
1080,20230812,13,16,23,31,36,44,38,"104,111,986,000",7,"3,639,444,429",82,"51,780,714","2,720","1,561,037","136,257","50,000","2,254,999","5,000"
1081,20230819,1,9,16,23,24,38,17,"106,974,323,000",11,"2,343,892,944",92,"46,708,012","2,923","1,470,112","143,152","50,000","2,390,493","5,000"
1082,20230826,21,26,27,32,34,42,31,"107,566,880,000",7,"3,720,489,643",62,"70,009,214","2,768","1,568,126","142,123","50,000","2,390,544","5,000"
1083,20230902,3,7,14,15,22,38,17,"108,995,141,000",15,"1,713,084,525",72,"59,482,102","3,274","1,308,098","154,536","50,000","2,501,816","5,000"
1084,20230909,8,12,13,29,33,42,5,"109,818,924,000",15,"1,738,764,600",107,"40,625,342","3,003","1,447,523","151,391","50,000","2,512,924","5,000"
1085,20230916,4,7,17,18,38,44,36,"106,249,975,000",23,"1,073,277,473",80,"51,427,879","3,471","1,185,316","156,670","50,000","2,475,529","5,000"
1086,20230923,11,16,25,27,35,36,37,"109,250,306,000",17,"1,515,913,809",67,"64,105,808","3,270","1,313,483","155,241","50,000","2,500,478","5,000"
1087,20230930,13,14,18,21,34,44,16,"113,960,897,000",16,"1,732,253,602",71,"65,061,169","2,989","1,545,448","149,854","50,000","2,506,601","5,000"
1088,20231007,11,21,22,30,39,44,31,"109,089,305,000",11,"2,434,697,898",94,"47,485,243","2,991","1,492,348","141,487","50,000","2,352,280","5,000"
1089,20231014,4,18,31,37,42,43,40,"108,725,932,000",9,"2,978,522,167",79,"56,554,219","2,825","1,581,517","138,575","50,000","2,338,390","5,000"
1090,20231021,12,19,21,29,40,45,1,"108,364,862,000",11,"2,386,494,614",88,"49,718,638","2,931","1,492,747","143,714","50,000","2,398,962","5,000"
1091,20231028,6,20,23,24,28,30,44,"109,335,581,000",9,"2,898,470,459",65,"66,887,780","2,873","1,513,299","149,578","50,000","2,481,449","5,000"
1092,20231104,7,18,19,26,33,45,37,"108,970,510,000",16,"1,583,289,844",84,"50,263,170","3,327","1,269,044","160,096","50,000","2,540,721","5,000"
1093,20231111,10,17,22,30,35,43,44,"105,589,036,000",13,"1,967,040,750",65,"65,568,025","2,928","1,455,575","141,232","50,000","2,327,509","5,000"
1094,20231118,6,7,15,22,26,40,41,"104,078,823,000",12,"2,112,854,469",87,"48,571,368","2,725","1,550,719","136,802","50,000","2,278,728","5,000"
1095,20231125,8,14,28,29,34,40,12,"106,160,572,000",10,"2,617,825,575",57,"76,544,608","2,584","1,688,484","135,653","50,000","2,278,659","5,000"
1096,20231202,1,12,16,19,23,43,34,"105,753,078,000",10,"2,539,391,175",85,"49,791,984","2,924","1,447,442","141,700","50,000","2,386,598","5,000"
1097,20231209,14,33,34,35,37,40,4,"108,873,101,000",7,"3,864,293,090",67,"67,288,686","2,631","1,713,547","135,670","50,000","2,317,263","5,000"
1098,20231216,12,16,21,24,41,43,15,"103,850,339,000",13,"1,930,461,895",68,"61,509,816","2,840","1,472,771","138,090","50,000","2,311,866","5,000"
1099,20231223,3,20,28,38,40,43,4,"107,510,729,000",9,"2,959,934,125",71,"62,533,820","2,701","1,643,800","134,122","50,000","2,306,011","5,000"
1100,20231230,17,26,29,30,31,43,12,"116,187,023,000",13,"2,207,575,472",81,"59,050,373","2,869","1,667,160","146,262","50,000","2,503,154","5,000"
1101,20240106,6,7,13,28,36,42,41,"114,758,876,000",13,"2,100,529,500",75,"60,681,964","3,363","1,353,300","159,797","50,000","2,596,082","5,000"
1102,20240113,13,14,22,26,37,38,20,"113,178,102,000",20,"1,383,591,413",63,"73,205,895","3,042","1,516,099","147,705","50,000","2,461,606","5,000"
1103,20240120,10,12,29,31,40,44,2,"110,195,070,000",17,"1,574,419,633",76,"58,695,469","2,909","1,533,468","144,537","50,000","2,436,768","5,000"
1104,20240127,1,7,21,30,35,38,2,"112,449,384,000",15,"1,817,193,100",76,"59,776,089","3,000","1,514,328","148,589","50,000","2,490,276","5,000"
1105,20240203,6,16,34,37,39,40,11,"113,295,292,000",15,"1,834,853,800",83,"55,266,681","2,898","1,582,863","148,700","50,000","2,503,114","5,000"
1106,20240210,1,3,4,29,42,45,36,"126,617,296,000",11,"2,790,462,819",67,"76,355,948","3,374","1,516,257","168,792","50,000","2,788,452","5,000"
1107,20240217,6,14,30,31,40,41,29,"117,664,962,000",14,"2,025,625,233",82,"57,639,743","3,357","1,407,942","162,265","50,000","2,581,512","5,000"
1108,20240224,7,19,26,37,39,44,27,"114,578,905,000",14,"1,957,990,849",96,"47,590,056","3,227","1,415,757","157,579","50,000","2,572,268","5,000"
1109,20240302,10,12,13,19,33,40,2,"117,196,327,000",17,"1,584,352,875",84,"53,440,474","3,347","1,341,202","180,255","50,000","2,734,683","5,000"
1110,20240309,3,7,11,20,22,41,24,"115,083,786,000",16,"1,647,392,719",118,"37,229,214","3,654","1,202,258","173,234","50,000","2,747,163","5,000"
1111,20240316,3,13,30,33,43,45,4,"116,382,835,000",16,"1,714,662,540",97,"47,138,490","5,096","897,260","171,363","50,000","2,608,760","5,000"
1112,20240323,16,20,26,36,42,44,24,"114,216,084,000",10,"2,804,455,650",59,"79,221,912","3,077","1,519,043","148,163","50,000","2,461,430","5,000"
1113,20240330,11,13,20,21,32,44,8,"113,342,318,000",14,"1,987,426,822",57,"81,356,654","2,936","1,579,472","146,997","50,000","2,444,535","5,000"
1114,20240406,10,16,19,32,33,38,3,"113,597,890,000",17,"1,583,813,824",88,"50,994,006","3,221","1,393,193","160,537","50,000","2,574,463","5,000"
1115,20240413,7,12,23,32,34,36,8,"113,939,215,000",12,"2,257,278,282",60,"75,242,610","3,103","1,454,901","158,614","50,000","2,584,491","5,000"
1116,20240420,15,16,17,25,30,31,32,"110,862,553,000",10,"2,695,000,238",114,"39,400,589","2,896","1,550,991","145,548","50,000","2,444,108","5,000"
1117,20240427,3,4,9,30,33,36,7,"113,895,333,000",9,"3,028,385,542",94,"48,325,302","3,161","1,437,071","155,379","50,000","2,567,618","5,000"
1118,20240504,11,13,14,15,16,45,3,"113,727,120,000",19,"1,477,445,132",72,"64,980,226","3,518","1,329,897","145,194","50,000","2,435,050","5,000"
1119,20240511,1,9,12,13,20,45,3,"111,840,714,000",19,"1,396,028,764",97,"45,574,823","3,108","1,422,381","155,000","50,000","2,560,859","5,000"
1120,20240518,2,19,26,31,38,41,34,"114,804,359,000",11,"2,522,163,375",91,"50,812,816","3,049","1,516,552","154,910","50,000","2,532,990","5,000"
1121,20240525,6,24,31,32,38,44,8,"113,898,519,000",11,"2,524,513,262",76,"60,898,347","2,956","1,565,723","148,984","50,000","2,494,773","5,000"
1122,20240601,3,6,21,30,34,35,22,"115,540,004,000",11,"2,556,266,046",99,"47,338,261","2,932","1,598,393","151,473","50,000","2,540,890","5,000"
1123,20240608,13,19,21,24,34,35,26,"113,142,957,000",16,"1,731,310,711",77,"59,958,813","2,945","1,567,684","147,087","50,000","2,456,500","5,000"
1124,20240615,3,8,17,30,33,34,28,"112,014,841,000",10,"2,623,327,913",87,"50,255,324","3,123","1,400,005","158,630","50,000","2,619,643","5,000"
1125,20240622,6,14,25,33,40,44,30,"109,407,294,000",12,"2,195,289,188",78,"56,289,467","3,066","1,432,022","147,313","50,000","2,442,674","5,000"
1126,20240629,4,5,9,11,37,40,7,"111,998,191,000",11,"2,386,382,421",91,"48,077,302","3,114","1,404,957","157,300","50,000","2,626,764","5,000"
1127,20240706,10,15,24,30,31,37,32,"111,571,373,000",12,"2,267,891,969",84,"53,997,428","3,007","1,508,409","145,646","50,000","2,443,423","5,000"
1128,20240713,1,5,8,16,28,33,45,"111,364,194,000",63,"419,925,560",77,"57,262,577","2,987","1,476,137","153,592","50,000","2,545,750","5,000"
1129,20240720,5,10,11,17,28,34,22,"110,363,498,000",11,"2,369,567,660",107,"40,600,069","3,142","1,382,625","154,322","50,000","2,542,398","5,000"
1130,20240727,15,19,21,25,27,28,40,"109,515,089,000",12,"2,263,301,219",69,"65,602,934","2,900","1,560,898","137,397","50,000","2,334,975","5,000"
1131,20240803,1,2,6,14,27,38,33,"109,120,798,000",17,"1,542,367,898",56,"78,036,471","2,861","1,527,453","144,842","50,000","2,471,592","5,000"
1132,20240810,6,7,19,28,34,41,5,"110,018,123,000",11,"2,404,951,807",73,"60,398,334","3,086","1,428,736","148,359","50,000","2,463,697","5,000"
1133,20240817,13,14,20,28,29,34,23,"111,210,839,000",13,"2,105,079,491",73,"62,479,529","2,737","1,666,426","143,047","50,000","2,393,005","5,000"
1134,20240824,3,7,9,13,19,24,23,"111,660,087,000",14,"1,755,689,384",97,"42,233,078","3,961","1,034,236","180,353","50,000","2,807,905","5,000"
1135,20240831,1,6,13,19,21,33,4,"113,817,137,000",9,"2,953,726,125",91,"48,687,794","3,417","1,296,632","163,808","50,000","2,654,691","5,000"
1136,20240907,21,33,35,38,42,44,1,"113,031,911,000",12,"2,314,468,157",75,"61,719,151","2,906","1,592,890","144,451","50,000","2,452,383","5,000"
1137,20240914,4,9,12,15,33,45,26,"119,250,007,000",14,"2,023,447,688",111,"42,534,937","3,323","1,420,818","163,296","50,000","2,737,836","5,000"
1138,20240921,14,16,19,20,29,34,35,"109,651,510,000",14,"1,902,656,786",50,"88,790,650","2,865","1,549,576","145,690","50,000","2,404,999","5,000"
1139,20240928,5,12,15,30,37,40,18,"117,915,887,000",13,"2,167,490,972",75,"62,616,406","3,240","1,449,454","163,236","50,000","2,645,260","5,000"
1140,20241005,7,10,22,29,31,38,15,"115,238,556,000",12,"2,279,823,938",83,"54,935,517","3,345","1,363,124","158,343","50,000","2,644,989","5,000"
1141,20241012,7,11,12,21,26,35,20,"115,803,173,000",11,"2,457,758,285",100,"45,058,902","3,371","1,336,663","165,233","50,000","2,718,563","5,000"
1142,20241019,2,8,28,30,37,41,22,"114,254,355,000",9,"3,117,517,709",67,"69,795,173","2,841","1,645,997","146,936","50,000","2,474,033","5,000"
1143,20241026,10,16,17,27,28,36,6,"116,432,896,000",11,"2,545,657,023",90,"51,855,977","3,154","1,479,721","156,400","50,000","2,612,029","5,000"
1144,20241102,3,4,12,15,26,34,6,"116,378,514,000",18,"1,489,347,375",94,"47,532,364","3,626","1,232,224","172,239","50,000","2,766,594","5,000"
1145,20241109,2,11,31,33,37,44,32,"116,115,162,000",9,"3,051,630,084",63,"72,657,860","3,312","1,382,079","164,055","50,000","2,647,054","5,000"
1146,20241116,6,11,17,19,40,43,28,"116,694,743,000",11,"2,526,476,353",72,"64,331,574","3,030","1,528,672","158,146","50,000","2,677,017","5,000"
1147,20241123,7,11,24,26,27,37,32,"115,707,061,000",8,"3,323,422,079",83,"53,388,307","3,588","1,235,014","173,036","50,000","2,750,379","5,000"
1148,20241130,3,6,13,15,16,22,32,"113,188,640,000",13,"2,073,332,308",97,"46,311,547","3,082","1,457,567","154,963","50,000","2,581,682","5,000"
1149,20241207,8,15,19,21,32,36,38,"112,146,718,000",17,"1,613,380,765",74,"61,773,588","2,924","1,563,354","145,209","50,000","2,448,589","5,000"
1150,20241214,8,9,18,35,39,45,25,"114,152,034,000",17,"1,570,620,309",226,"19,690,668","3,413","1,303,865","166,846","50,000","2,626,598","5,000"
1151,20241221,2,3,9,15,27,29,8,"116,118,444,000",17,"1,620,503,030",102,"45,013,974","3,351","1,370,166","163,055","50,000","2,635,014","5,000"
1152,20241228,30,31,32,35,36,37,5,"120,703,009,000",35,"874,349,668",79,"64,561,685","3,354","1,520,684","146,890","50,000","2,440,804","5,000"
1153,20250104,1,9,10,13,35,44,5,"126,343,367,000",15,"2,027,312,925",79,"64,155,473","3,506","1,445,603","167,692","50,000","2,848,165","5,000"
1154,20250111,4,8,22,26,32,38,27,"115,268,257,000",15,"1,854,965,425",62,"74,796,993","3,190","1,453,735","154,785","50,000","2,559,114","5,000"
1155,20250118,10,16,19,27,37,38,13,"118,482,730,000",7,"4,066,375,179",78,"60,821,851","3,171","1,496,091","160,366","50,000","2,654,046","5,000"
1156,20250125,30,31,34,39,41,45,7,"127,643,987,000",21,"1,505,207,090",73,"72,167,464","3,494","1,507,792","162,883","50,000","2,706,409","5,000"
1157,20250201,5,7,12,20,25,26,28,"123,443,439,000",12,"2,257,842,157",141,"32,026,130","4,549","992,677","201,847","50,000","3,100,779","5,000"
1158,20250208,21,25,27,32,37,38,20,"119,706,159,000",21,"1,394,358,197",86,"56,747,136","3,032","1,609,583","155,209","50,000","2,610,120","5,000"
1159,20250215,3,9,27,28,38,39,7,"124,802,304,000",23,"1,284,854,250",110,"44,775,224","3,742","1,316,215","177,373","50,000","2,826,061","5,000"
1160,20250222,7,13,18,36,39,45,19,"123,177,536,000",12,"2,509,359,875",84,"59,746,664","3,176","1,580,202","160,611","50,000","2,681,692","5,000"
1161,20250301,2,12,20,24,34,42,37,"123,230,590,000",16,"1,792,657,969",117,"40,858,302","4,107","1,163,970","181,457","50,000","2,859,815","5,000"
1162,20250308,20,21,22,25,28,29,6,"120,578,328,000",36,"823,931,021",78,"63,379,310","4,752","1,040,317","160,953","50,000","2,538,565","5,000"
1163,20250315,2,13,15,16,33,43,4,"122,246,316,000",15,"1,936,891,150",75,"64,563,039","3,386","1,430,074","168,204","50,000","2,795,027","5,000"
1164,20250322,17,18,23,25,38,39,22,"121,102,645,000",13,"2,193,092,164",76,"62,522,365","3,470","1,369,366","170,045","50,000","2,807,095","5,000"
1165,20250329,6,7,27,29,38,45,17,"118,112,106,000",13,"2,192,485,270",91,"52,202,031","3,173","1,497,128","158,014","50,000","2,630,455","5,000"
1166,20250405,14,23,25,27,29,42,16,"116,717,661,000",14,"2,072,319,938",80,"60,442,665","2,803","1,725,085","147,837","50,000","2,456,735","5,000"
1167,20250412,8,23,31,35,39,40,24,"118,762,131,000",10,"2,884,087,913",69,"69,663,960","2,942","1,633,859","157,094","50,000","2,614,372","5,000"
1168,20250419,9,21,24,30,33,37,29,"117,811,795,000",13,"2,136,635,914",74,"62,559,160","3,514","1,317,410","166,163","50,000","2,712,545","5,000"
1169,20250426,5,12,24,26,39,42,20,"118,803,195,000",10,"2,852,735,813",112,"42,451,426","3,244","1,465,648","160,483","50,000","2,668,194","5,000"
1170,20250503,3,13,28,34,38,42,25,"116,709,995,000",20,"1,386,550,969",103,"44,872,200","5,668","815,427","163,866","50,000","2,637,401","5,000"
1171,20250510,3,6,7,11,12,17,19,"115,285,696,000",21,"1,128,345,286",148,"26,683,842","5,317","742,752","211,503","50,000","3,094,806","5,000"
1172,20250517,7,9,24,40,42,44,45,"117,565,241,000",13,"2,203,004,452",98,"48,705,881","3,059","1,560,372","152,897","50,000","2,590,472","5,000"
1173,20250524,1,5,18,20,30,35,3,"118,782,668,000",24,"1,179,946,063",94,"50,210,471","3,139","1,503,595","163,678","50,000","2,689,832","5,000"
1174,20250531,8,11,14,17,36,39,22,"119,020,467,000",15,"1,910,619,425",85,"56,194,689","3,196","1,494,540","158,944","50,000","2,670,129","5,000"
1175,20250607,3,4,6,8,32,42,31,"117,488,305,000",20,"1,384,026,094",92,"50,145,873","3,178","1,451,675","164,364","50,000","2,723,718","5,000"
1176,20250614,7,9,11,21,30,35,29,"115,765,450,000",13,"2,052,166,154",89,"49,959,102","3,533","1,258,523","171,545","50,000","2,746,919","5,000"
1177,20250621,3,7,15,16,19,43,21,"115,411,832,000",6,"4,576,672,000",75,"61,022,294","3,111","1,471,126","157,438","50,000","2,644,128","5,000"
1178,20250628,5,6,11,27,43,44,17,"118,774,279,000",12,"2,391,608,407",89,"53,744,010","3,061","1,562,633","157,044","50,000","2,653,841","5,000"
1179,20250705,3,16,18,24,40,44,21,"115,024,678,000",13,"2,162,821,097",63,"74,382,737","2,989","1,567,787","148,832","50,000","2,516,368","5,000"
1180,20250712,6,12,18,37,40,41,3,"115,377,965,000",11,"2,535,566,421",72,"64,563,034","3,010","1,544,365","153,274","50,000","2,567,395","5,000"
1181,20250719,8,10,14,20,33,41,28,"113,802,682,000",17,"1,593,643,500",86,"52,503,759","3,109","1,452,340","155,938","50,000","2,596,371","5,000"
1182,20250726,1,13,21,25,28,31,22,"115,431,308,000",13,"2,124,785,424",79,"58,274,706","3,015","1,526,933","156,025","50,000","2,616,958","5,000"
1183,20250802,4,15,17,23,27,36,31,"115,605,968,000",13,"2,073,966,000",92,"48,843,403","3,623","1,240,297","169,030","50,000","2,680,548","5,000"
1184,20250809,14,16,23,25,31,37,42,"117,748,924,000",15,"1,910,655,600",95,"50,280,411","3,115","1,533,432","155,556","50,000","2,576,710","5,000"
1185,20250816,6,17,22,28,29,32,38,"117,480,804,000",12,"2,388,695,125",79,"60,473,295","2,903","1,645,674","153,798","50,000","2,566,276","5,000"
1186,20250823,2,8,13,16,23,28,35,"116,690,738,000",14,"1,985,676,911",89,"52,058,946","3,226","1,436,221","162,707","50,000","2,628,810","5,000"
1187,20250830,5,13,26,29,37,40,42,"117,650,847,000",11,"2,619,380,012",79,"60,787,300","3,147","1,525,961","152,448","50,000","2,557,090","5,000"
1188,20250906,3,4,12,19,22,27,9,"116,617,971,000",24,"1,074,625,172",111,"38,725,232","3,713","1,157,690","188,314","50,000","2,901,056","5,000"
1189,20250913,9,19,29,35,37,38,31,"119,484,685,000",13,"2,263,651,299",167,"29,368,730","3,121","1,571,477","152,345","50,000","2,577,694","5,000"
1190,20250920,7,9,19,23,26,45,33,"118,368,861,000",6,"4,622,793,813",113,"40,909,680","3,293","1,403,825","168,764","50,000","2,752,776","5,000"
1191,20250927,1,4,11,12,20,41,2,"121,272,809,000",18,"1,536,334,355",132,"34,916,690","3,649","1,263,087","184,758","50,000","2,905,296","5,000"
1192,20251004,10,16,23,36,39,40,11,"129,050,196,000",29,"1,079,546,587",95,"54,924,300","3,476","1,501,096","171,551","50,000","2,841,016","5,000"
1193,20251011,6,9,16,19,24,28,17,"118,676,603,000",16,"1,717,013,508",84,"54,508,366","3,635","1,259,616","175,936","50,000","2,782,376","5,000"
1194,20251018,3,13,15,24,33,37,2,"121,085,706,000",28,"985,155,349",99,"46,438,300","5,442","844,799","186,820","50,000","2,884,544","5,000"
1195,20251025,3,15,27,33,34,36,37,"122,918,013,000",10,"2,939,186,738",86,"56,960,984","3,337","1,467,979","165,621","50,000","2,797,760","5,000"
1196,20251101,8,12,15,29,40,45,14,"121,645,432,000",15,"2,001,627,550",94,"53,234,776","2,837","1,763,860","153,894","50,000","2,619,093","5,000"
1197,20251108,1,5,7,26,28,43,30,"120,244,434,000",13,"2,205,089,827",74,"64,563,441","3,087","1,547,683","162,871","50,000","2,751,422","5,000"
1198,20251115,26,30,33,38,39,41,21,"120,207,517,000",10,"2,953,686,638",78,"63,112,963","3,110","1,582,898","155,228","50,000","2,591,974","5,000"
1199,20251122,16,24,25,30,31,32,7,"118,624,796,000",17,"1,695,609,839",75,"64,056,372","3,504","1,371,070","157,073","50,000","2,604,985","5,000"
1200,20251129,1,2,4,16,20,32,45,"118,339,596,000",12,"2,357,299,875",80,"58,932,497","3,584","1,315,458","161,754","50,000","2,673,060","5,000"
1201,20251206,7,9,24,27,35,36,37,"115,389,593,000",19,"1,414,555,718",84,"53,326,506","3,321","1,348,819","166,050","50,000","2,711,377","5,000"
1202,20251213,5,12,21,33,37,40,7,"116,954,237,000",14,"1,920,410,813",109,"41,109,712","3,764","1,190,478","180,212","50,000","2,723,770","5,000"
1203,20251220,3,6,18,29,35,39,24,"121,655,631,000",21,"1,368,060,733",118,"40,578,073","3,588","1,334,508","171,960","50,000","2,784,823","5,000"
1204,20251227,8,16,28,30,31,44,27,"123,758,619,000",18,"1,661,007,688",95,"52,452,875","3,361","1,482,602","164,919","50,000","2,753,835","5,000"
1205,20260103,1,4,16,23,31,41,2,"132,670,747,000",10,"3,226,386,263",97,"55,436,191","3,486","1,542,545","174,740","50,000","2,915,978","5,000"
1206,20260110,1,3,17,26,27,42,23,"121,012,690,000",15,"1,868,807,000",74,"63,135,372","3,329","1,403,430","172,867","50,000","2,897,371","5,000"
1207,20260117,10,22,24,27,38,45,11,"122,934,287,000",17,"1,733,202,949",86,"57,101,648","3,365","1,459,359","168,020","50,000","2,756,042","5,000"
1208,20260124,6,27,30,36,38,42,25,"120,408,668,000",6,"5,001,713,625",68,"73,554,613","2,932","1,705,906","149,359","50,000","2,544,535","5,000"
1209,20260131,2,17,20,35,37,39,24,"124,040,394,000",22,"1,371,910,466",73,"68,908,745","3,141","1,601,509","163,147","50,000","2,724,028","5,000"
1210,20260207,1,7,9,17,27,38,31,"123,111,058,000",24,"1,102,298,407",153,"28,818,259","4,649","948,418","211,663","50,000","3,139,766","5,000"
1211,20260214,23,26,27,35,38,40,10,"134,945,802,000",14,"2,370,956,036",86,"64,328,265","3,332","1,660,334","174,056","50,000","2,902,451","5,000"
1212,20260221,5,8,25,31,41,44,45,"131,727,929,000",12,"2,654,089,032",79,"67,192,128","3,482","1,524,463","175,609","50,000","2,923,618","5,000"
1213,20260228,5,11,25,27,36,38,2,"131,111,079,000",18,"1,740,011,646",110,"47,454,864","3,724","1,401,728","180,063","50,000","2,958,422","5,000"
1214,20260307,10,15,19,27,30,33,14,"124,815,860,000",12,"2,431,577,188",99,"49,122,772","3,618","1,344,156","177,889","50,000","2,921,649","5,000"
1215,20260314,13,15,19,21,44,45,39,"126,977,101,000",16,"1,998,542,133",76,"70,124,286","3,120","1,708,156","153,024","50,000","2,640,357","5,000"
1216,20260321,3,10,14,15,23,24,25,"125,556,526,000",14,"2,148,654,000",87,"57,626,736","3,181","1,576,085","168,089","50,000","2,853,121","5,000"
1217,20260328,8,10,15,20,29,31,41,"125,155,256,000",14,"2,179,738,018",85,"59,835,946","3,344","1,520,950","163,563","50,000","2,742,207","5,000"
1218,20260404,3,28,31,32,42,45,25,"123,335,928,000",18,"1,714,482,042",80,"64,293,077","2,889","1,780,356","150,326","50,000","2,600,819","5,000"
1219,20260411,1,2,15,28,39,45,31,"120,945,801,000",12,"2,508,232,844",77,"65,148,906","3,079","1,629,252","150,733","50,000","2,560,905","5,000"
1220,20260418,2,22,25,28,34,43,16,"121,958,822,000",14,"2,114,514,161",85,"58,045,487","3,192","1,545,698","161,279","50,000","2,688,906","5,000"
1221,20260425,6,13,18,28,30,36,9,"122,979,623,000",16,"1,830,801,165",96,"50,855,588","3,465","1,408,986","174,082","50,000","2,745,724","5,000"
1222,20260502,4,11,17,22,32,41,34,"124,243,558,000",24,"1,202,986,844",115,"41,843,021","4,081","1,179,110","182,844","50,000","2,896,800","5,000"
1223,20260509,16,18,20,32,33,39,26,"122,621,163,000",16,"1,857,554,133",103,"48,092,017","3,481","1,423,005","161,967","50,000","2,716,882","5,000"
1224,20260516,9,18,21,27,44,45,28,"121,110,408,000",12,"2,414,855,250",70,"68,995,865","3,373","1,431,874","166,726","50,000","2,716,244","5,000"
1224,20260516,9,18,21,27,44,45,28,"121,110,408,000",12,"2,414,855,250",70,"68,995,865","3,373","1,431,874","166,726","50,000","2,716,244","5,000"
1225,20260523,8,9,19,25,41,42,33,"120,402,887,000",13,"2,228,133,087",76,"63,521,338","3,333","1,448,432","161,090","50,000","2,705,194","5,000"
1225,20260523,8,9,19,25,41,42,33,"120,402,887,000",13,"2,228,133,087",76,"63,521,338","3,333","1,448,432","161,090","50,000","2,705,194","5,000"
1226,20260530,4,6,13,17,26,28,41,"120,259,943,000",10,"2,815,230,113",75,"62,560,670","3,557","1,319,104","171,525","50,000","2,803,464","5,000"
1227,20260606,1,14,16,34,41,44,13,"118,882,558,000",11,"2,674,808,455",70,"70,054,508","3,042","1,612,037","151,881","50,000","2,523,341","5,000"
1228,20260613,24,29,30,31,35,44,1,"119,052,273,000",11,"2,698,334,421",83,"59,601,765","2,836","1,744,340","147,604","50,000","2,514,073","5,000"
1229,20260620,12,13,29,34,37,42,16,"116,155,532,000",8,"3,519,759,000",89,"52,730,472","2,925","1,604,449","152,290","50,000","2,583,834","5,000"
1230,20260627,3,8,9,22,28,42,45,"120,177,677,000",16,"1,771,357,196",90,"52,484,658","3,336","1,415,953","168,902","50,000","2,770,957","5,000"
1231,20260704,4,13,14,18,31,38,15,"118,084,580,000",17,"1,652,990,074",92,"50,907,303","3,329","1,406,871","162,821","50,000","2,686,693","5,000"
1232,20260711,12,15,19,22,24,36,3,"114,636,304,000",11,"2,533,260,819",92,"50,481,647","2,984","1,556,405","149,349","50,000","2,539,242","5,000"
1233,20260718,2,7,20,25,37,40,29,"116,159,776,000",31,"837,965,396",76,"56,966,946","4,438","975,550","185,487","50,000","2,833,927","5,000"
1234,20260725,1,15,19,31,35,43,27,"115,990,429,000",18,"1,595,129,563",71,"67,399,841","2,985","1,603,146","146,684","50,000","2,475,581","5,000"
1235,20260801,6,7,11,15,39,43,20,"115,445,069,000",9,"3,090,961,625",82,"56,541,981","2,859","1,621,701","154,048","50,000","2,585,719","5,000"
1236,20260808,12,18,21,29,34,38,10,"114,070,835,000",11,"2,441,919,375",84,"53,295,860","3,371","1,328,049","161,927","50,000","2,624,850","5,000"
1237,20260815,10,20,23,34,37,40,36,118363161000,23,1214932680,75,62096560,3745,1243590,172132,50000,2663409,5000
1238,20260822,2,13,18,32,38,42,22,114537798000,23,1197258718,84,54636807,3235,1418700,156141,50000,2549183,5000
1239,20260829,11,13,22,32,33,36,8,117767285000,13,2214789375,71,67587470,3081,1557518,152825,50000,2570542,5000
1240,20260905,11,13,19,20,31,44,27,118165321000,16,1791817758,78,61258727,3087,1547840,155202,50000,2619423,5000
